Employee_ID,Department,Age,Salary,Projects_Completed,Working_Hours,Performance_Score,Promotion_Status
EMP_0001,IT,42,47042.47,2,41.7,82.0,Yes
EMP_0002,Marketing,58,34847.64,5,43.2,62.9,No
EMP_0003,Finance,48,69555.75,6,39.8,100.0,Yes
EMP_0004,HR,50,87010.3,6,36.0,73.3,No
EMP_0005,Sales,41,44616.69,4,43.8,87.7,Yes
EMP_0006,Sales,46,38686.83,9,40.2,54.8,No
EMP_0007,Sales,27,35332.97,10,32.8,70.2,Yes
EMP_0008,Marketing,57,31021.26,5,29.3,79.2,Yes
EMP_0009,HR,23,36253.16,2,41.5,54.5,No
EMP_0010,Finance,43,51239.96,3,35.9,70.3,Yes
EMP_0011,Sales,53,45254.96,7,42.2,85.8,Yes
EMP_0012,Marketing,37,87662.82,6,36.1,65.1,No
EMP_0013,Finance,39,40092.8,4,40.7,57.2,No
EMP_0014,Sales,26,53674.47,2,38.1,97.0,Yes
EMP_0015,Sales,57,43440.35,7,48.8,52.4,No
EMP_0016,Sales,51,44372.43,6,44.8,72.3,No
EMP_0017,IT,40,36233.33,7,46.7,59.4,No
EMP_0018,IT,44,42137.58,7,40.1,55.9,No
EMP_0019,IT,55,42727.21,3,44.1,81.1,Yes
EMP_0020,IT,34,54527.27,3,40.5,66.9,Yes
EMP_0021,HR,50,86482.69,4,47.3,76.1,Yes
EMP_0022,Sales,57,37989.3,5,39.6,36.2,No
EMP_0023,IT,43,30862.34,2,33.0,77.5,No
EMP_0024,IT,57,43715.29,4,30.0,59.2,No
EMP_0025,IT,30,45725.49,7,48.3,41.8,Yes
EMP_0026,Finance,40,33689.05,5,42.4,98.3,Yes
EMP_0027,Sales,59,58581.08,6,42.7,79.0,Yes
EMP_0028,IT,27,113899.8,4,47.4,73.4,Yes
EMP_0029,HR,36,88292.16,9,31.7,88.7,Yes
EMP_0030,Sales,41,34390.65,2,38.2,73.7,No
EMP_0031,HR,30,71647.03,6,38.8,58.0,No
EMP_0032,Sales,53,54381.3,4,43.7,67.4,No
EMP_0033,Sales,25,42097.11,3,36.5,59.8,No
EMP_0034,Marketing,39,45557.16,6,34.0,62.5,Yes
EMP_0035,Marketing,26,67889.16,7,33.9,51.1,No
EMP_0036,Finance,41,43083.72,8,45.7,55.4,No
EMP_0037,IT,44,39342.79,9,36.3,83.4,Yes
EMP_0038,Sales,32,43594.65,5,37.2,75.0,Yes
EMP_0039,HR,58,47308.62,4,43.2,62.5,No
EMP_0040,IT,43,34191.66,3,36.5,54.6,No
EMP_0041,Sales,25,76234.08,7,31.5,63.9,No
EMP_0042,IT,50,52428.63,4,32.1,44.7,No
EMP_0043,Sales,55,50062.53,8,39.7,71.9,Yes
EMP_0044,Marketing,34,32096.02,8,42.5,84.2,Yes
EMP_0045,IT,30,48535.61,1,39.0,100.0,Yes
EMP_0046,HR,52,32578.51,5,42.2,53.5,No
EMP_0047,IT,28,31639.34,4,31.9,83.6,Yes
EMP_0048,IT,25,44986.35,3,32.3,59.4,No
EMP_0049,IT,40,40309.58,2,51.3,53.1,No
EMP_0050,Sales,51,47774.01,8,46.2,53.1,No
EMP_0051,Marketing,52,31869.13,8,43.8,72.1,No
EMP_0052,Finance,56,41276.9,3,36.7,56.0,Yes
EMP_0053,Marketing,42,33842.27,4,38.8,60.9,No
EMP_0054,Marketing,52,117010.69,12,40.0,63.4,Yes
EMP_0055,HR,40,46471.96,3,46.6,58.9,Yes
EMP_0056,Marketing,52,53258.98,3,42.0,57.8,No
EMP_0057,Sales,53,37873.25,4,42.6,33.6,No
EMP_0058,Sales,23,31990.64,3,39.2,71.3,No
EMP_0059,Sales,31,104486.7,4,44.0,71.0,Yes
EMP_0060,IT,23,36744.7,6,41.5,58.0,Yes
EMP_0061,IT,23,41026.29,4,40.2,75.4,No
EMP_0062,IT,45,50988.67,3,36.3,91.0,Yes
EMP_0063,Finance,38,30500.15,8,39.4,70.4,No
EMP_0064,IT,53,63241.92,2,34.6,90.0,Yes
EMP_0065,IT,37,45382.35,3,39.8,100.0,Yes
EMP_0066,IT,37,36520.62,7,40.4,100.0,Yes
EMP_0067,Sales,52,31271.75,3,28.0,52.2,No
EMP_0068,Finance,45,33546.64,7,38.8,52.3,Yes
EMP_0069,Sales,22,75082.35,5,34.1,63.3,No
EMP_0070,Marketing,32,53168.79,2,42.5,71.9,Yes
EMP_0071,Finance,42,35751.02,9,43.2,93.8,Yes
EMP_0072,Sales,25,31357.03,4,37.9,79.4,No
EMP_0073,Sales,28,53463.4,3,42.7,52.0,No
EMP_0074,Finance,47,46991.7,1,43.0,60.8,Yes
EMP_0075,Finance,33,40367.73,2,38.9,69.4,Yes
EMP_0076,Finance,52,39038.92,6,47.7,47.7,No
EMP_0077,Finance,38,34887.71,10,36.4,70.2,No
EMP_0078,Sales,54,52149.71,6,47.4,52.2,No
EMP_0079,IT,32,100581.54,6,38.9,45.2,No
EMP_0080,Sales,49,33864.78,2,35.8,55.8,Yes
EMP_0081,Marketing,53,48182.16,4,38.2,76.2,Yes
EMP_0082,HR,22,41039.38,5,34.5,76.1,No
EMP_0083,IT,49,41836.69,8,43.9,71.4,No
EMP_0084,Sales,28,35864.54,5,32.0,84.9,Yes
EMP_0085,IT,23,64874.81,3,46.9,83.3,No
EMP_0086,IT,45,43281.7,1,35.3,73.1,Yes
EMP_0087,Finance,25,45679.21,7,44.2,71.0,Yes
EMP_0088,HR,40,37269.99,7,40.1,71.9,Yes
EMP_0089,Marketing,47,34013.18,4,41.4,67.8,No
EMP_0090,IT,32,31796.53,4,37.0,37.4,No
EMP_0091,Sales,32,55043.6,4,41.8,87.0,No
EMP_0092,Finance,24,34368.95,9,40.7,76.0,Yes
EMP_0093,Finance,33,53428.52,1,32.7,51.8,No
EMP_0094,HR,24,39898.27,3,35.2,91.4,Yes
EMP_0095,Finance,48,40749.38,4,37.3,61.2,Yes
EMP_0096,IT,23,42666.55,3,36.2,68.4,Yes
EMP_0097,IT,37,39168.1,3,46.3,85.4,No
EMP_0098,IT,23,32120.99,8,40.0,73.3,No
EMP_0099,Sales,51,37410.6,11,36.1,90.0,Yes
EMP_0100,Sales,41,51797.08,4,37.5,64.7,No
EMP_0101,Sales,59,51919.38,2,37.5,95.4,Yes
EMP_0102,HR,49,36743.73,3,38.6,58.3,No
EMP_0103,IT,46,42327.52,4,34.6,89.8,No
EMP_0104,IT,53,34299.72,2,35.9,36.0,No
EMP_0105,Marketing,31,34723.87,7,43.8,53.5,No
EMP_0106,Sales,54,30466.34,2,40.9,74.5,No
EMP_0107,IT,34,75411.37,11,39.2,64.0,No
EMP_0108,Finance,58,34732.34,5,40.0,68.9,Yes
EMP_0109,Sales,37,35163.34,5,39.8,70.6,Yes
EMP_0110,Sales,43,36559.01,4,39.0,52.1,No
EMP_0111,IT,41,32725.75,4,42.6,53.3,No
EMP_0112,Sales,48,50392.12,4,42.2,73.5,No
EMP_0113,Marketing,37,31562.32,3,32.1,60.0,Yes
EMP_0114,Finance,55,32882.08,5,39.3,90.1,Yes
EMP_0115,HR,53,50699.05,9,32.5,67.1,No
EMP_0116,Marketing,47,38300.03,5,43.2,80.8,No
EMP_0117,Finance,46,54616.46,2,43.8,76.6,Yes
EMP_0118,Sales,23,46302.9,6,36.9,61.0,No
EMP_0119,Marketing,33,35914.85,7,39.4,40.3,No
EMP_0120,IT,30,51043.81,5,29.4,87.8,Yes
EMP_0121,Finance,33,32472.16,7,44.9,55.3,No
EMP_0122,Marketing,47,45375.11,7,43.5,63.9,Yes
EMP_0123,IT,30,41494.77,8,45.8,67.7,No
EMP_0124,Sales,31,36236.04,7,47.4,69.2,No
EMP_0125,Sales,53,48527.07,3,33.9,84.4,No
EMP_0126,IT,55,71010.64,4,44.4,70.1,No
EMP_0127,Finance,41,166334.54,4,47.4,68.1,No
EMP_0128,Marketing,23,48717.77,3,32.5,85.3,No
EMP_0129,Sales,22,40373.99,7,39.1,79.0,No
EMP_0130,IT,57,35103.19,7,38.2,59.0,No
EMP_0131,IT,45,35943.77,3,44.3,52.8,No
EMP_0132,Sales,48,43057.58,7,28.0,57.6,No
EMP_0133,Sales,23,39154.47,8,49.1,69.3,No
EMP_0134,IT,52,79025.07,3,39.4,51.3,No
EMP_0135,Marketing,35,39186.67,4,44.6,71.4,Yes
EMP_0136,IT,23,39350.36,7,39.7,68.1,No
EMP_0137,IT,50,39675.06,1,42.5,31.9,No
EMP_0138,Finance,36,66233.56,4,28.4,48.9,No
EMP_0139,IT,33,51041.54,2,38.1,26.7,No
EMP_0140,Marketing,58,49047.11,2,44.2,64.8,No
EMP_0141,Marketing,49,38133.61,5,41.4,86.1,Yes
EMP_0142,IT,41,64064.44,6,31.8,41.6,No
EMP_0143,IT,45,30782.38,5,40.3,50.2,No
EMP_0144,IT,42,70927.44,4,35.9,67.5,Yes
EMP_0145,IT,31,44379.55,5,35.5,54.0,No
EMP_0146,Sales,35,40158.27,7,32.4,54.0,No
EMP_0147,HR,58,43749.95,4,43.1,78.1,Yes
EMP_0148,IT,39,52017.23,2,45.6,62.6,No
EMP_0149,Sales,45,30256.95,9,50.6,47.7,No
EMP_0150,IT,35,71044.6,4,32.6,38.7,No
EMP_0151,Marketing,55,41838.53,3,43.8,100.0,Yes
EMP_0152,Sales,33,38400.41,4,44.2,86.9,Yes
EMP_0153,Sales,43,32975.7,4,37.1,63.2,Yes
EMP_0154,IT,27,41577.29,6,35.4,71.3,Yes
EMP_0155,Marketing,57,43716.39,4,34.6,62.7,No
EMP_0156,Sales,57,40338.44,6,37.4,77.7,Yes
EMP_0157,HR,43,52705.12,9,41.0,57.2,No
EMP_0158,Finance,35,40925.48,3,46.8,61.9,No
EMP_0159,Sales,37,95099.17,3,45.5,76.8,No
EMP_0160,Finance,57,48289.72,8,31.9,91.8,Yes
EMP_0161,IT,46,62950.89,6,36.1,81.1,Yes
EMP_0162,HR,53,32316.21,1,46.5,88.5,Yes
EMP_0163,HR,54,40126.43,7,36.3,65.3,No
EMP_0164,IT,57,38215.01,5,39.7,60.7,Yes
EMP_0165,Sales,41,46855.34,7,31.5,40.9,Yes
EMP_0166,Finance,39,69481.97,5,45.8,71.1,Yes
EMP_0167,IT,59,31631.54,2,30.4,75.7,No
EMP_0168,Sales,24,31506.86,6,31.8,65.5,No
EMP_0169,Sales,44,67984.81,7,45.3,58.3,Yes
EMP_0170,HR,53,34786.73,5,49.6,88.7,Yes
EMP_0171,HR,37,52097.83,6,38.5,79.5,No
EMP_0172,Sales,26,45656.11,5,39.8,89.7,No
EMP_0173,IT,25,65782.49,6,44.5,55.7,No
EMP_0174,Sales,42,32672.66,3,41.4,59.4,No
EMP_0175,HR,35,32780.25,4,38.1,88.0,No
EMP_0176,Sales,52,46275.51,5,37.6,69.3,No
EMP_0177,HR,35,88516.16,8,32.2,61.5,No
EMP_0178,IT,27,40722.79,10,41.2,62.5,No
EMP_0179,Marketing,33,37918.48,5,39.5,69.8,No
EMP_0180,Sales,37,48663.11,3,37.8,85.0,Yes
EMP_0181,IT,38,83313.78,7,35.0,67.6,No
EMP_0182,Sales,44,66271.25,2,35.5,81.9,Yes
EMP_0183,Marketing,35,138000.85,6,43.1,77.0,Yes
EMP_0184,Marketing,28,30456.54,6,44.4,56.8,No
EMP_0185,IT,53,32395.01,6,38.4,56.8,No
EMP_0186,HR,36,48804.9,5,37.8,63.2,Yes
EMP_0187,Finance,38,64360.12,0,35.7,49.9,No
EMP_0188,HR,55,36716.29,6,44.7,62.3,Yes
EMP_0189,IT,26,35467.99,4,40.2,92.7,Yes
EMP_0190,Sales,48,60926.99,6,41.8,69.5,Yes
EMP_0191,Sales,44,31160.67,3,41.8,58.5,No
EMP_0192,Marketing,35,39221.12,6,38.5,98.7,No
EMP_0193,Marketing,36,44096.67,3,34.2,56.0,No
EMP_0194,HR,54,46435.47,5,35.0,55.6,No
EMP_0195,IT,52,56084.35,2,45.6,88.4,Yes
EMP_0196,IT,56,38765.32,4,36.4,79.9,No
EMP_0197,Finance,38,48970.31,7,37.9,68.0,No
EMP_0198,Marketing,49,47607.64,6,34.3,82.5,No
EMP_0199,Marketing,40,45864.48,7,33.9,74.5,No
EMP_0200,Finance,44,50459.89,6,36.2,52.2,No
EMP_0201,HR,53,36007.22,2,48.4,34.0,No
EMP_0202,Sales,34,31768.95,0,43.3,61.5,No
EMP_0203,Sales,41,32540.12,4,37.4,86.3,Yes
EMP_0204,Marketing,56,35087.07,5,45.4,63.6,No
EMP_0205,HR,26,43870.86,2,39.2,76.9,Yes
EMP_0206,Sales,30,66707.05,3,46.8,72.8,No
EMP_0207,Sales,50,54165.87,6,51.1,44.6,No
EMP_0208,HR,27,61121.79,9,45.1,63.9,No
EMP_0209,Sales,46,38645.7,6,40.5,75.4,No
EMP_0210,Sales,52,40372.24,4,43.5,58.2,Yes
EMP_0211,IT,43,40007.01,2,40.1,64.6,Yes
EMP_0212,HR,23,34260.73,6,30.8,75.9,Yes
EMP_0213,HR,26,31263.41,7,36.7,71.1,Yes
EMP_0214,Sales,48,47876.7,2,35.2,85.7,Yes
EMP_0215,Finance,46,120595.1,6,36.6,75.8,No
EMP_0216,Sales,29,33650.34,8,49.0,55.7,No
EMP_0217,IT,22,30956.19,4,45.6,62.8,No
EMP_0218,Finance,41,60240.03,6,42.2,70.3,No
EMP_0219,HR,44,35822.72,6,44.1,90.1,Yes
EMP_0220,Finance,53,65397.28,1,30.5,62.9,Yes
EMP_0221,HR,32,54343.64,7,43.6,44.0,No
EMP_0222,HR,45,88254.88,6,44.7,76.6,No
EMP_0223,Sales,32,40516.32,5,28.8,58.7,Yes
EMP_0224,IT,50,51692.4,3,43.8,50.7,No
EMP_0225,IT,47,42504.34,7,32.9,70.3,Yes
EMP_0226,Sales,37,49916.89,4,30.1,84.6,Yes
EMP_0227,Marketing,56,41942.16,2,46.6,61.4,No
EMP_0228,IT,41,34180.68,7,35.0,77.4,No
EMP_0229,Marketing,24,44181.36,5,36.4,80.2,No
EMP_0230,HR,22,45040.3,8,44.9,81.9,Yes
EMP_0231,Finance,22,63278.29,7,38.5,59.0,No
EMP_0232,IT,38,56599.85,5,39.1,53.2,No
EMP_0233,HR,23,51800.48,4,39.0,55.2,No
EMP_0234,IT,50,32406.94,3,41.7,81.9,No
EMP_0235,Sales,41,55503.38,9,38.9,80.0,Yes
EMP_0236,Finance,27,43875.15,4,40.6,55.6,No
EMP_0237,IT,29,74905.11,8,37.5,100.0,Yes
EMP_0238,Sales,50,80482.33,4,41.8,53.9,No
EMP_0239,HR,54,31134.72,2,41.6,85.0,Yes
EMP_0240,Sales,24,64367.38,2,49.5,92.8,Yes
EMP_0241,Marketing,56,30768.53,5,38.1,71.6,No
EMP_0242,Marketing,26,39151.06,8,39.1,58.5,No
EMP_0243,Marketing,48,45630.83,5,41.2,58.8,No
EMP_0244,IT,33,33205.74,6,44.8,66.1,No
EMP_0245,Sales,41,57433.15,3,34.5,86.2,Yes
EMP_0246,Marketing,41,30167.8,5,40.5,52.0,No
EMP_0247,IT,30,33692.86,8,27.5,42.4,No
EMP_0248,Marketing,25,47387.99,4,38.6,75.4,No
EMP_0249,Marketing,40,55062.39,5,45.4,78.7,Yes
EMP_0250,Marketing,59,79692.48,1,36.4,99.5,Yes
EMP_0251,IT,48,54449.3,5,40.9,49.3,No
EMP_0252,IT,34,52281.38,6,37.4,68.0,Yes
EMP_0253,Marketing,34,40028.77,3,35.7,87.4,Yes
EMP_0254,IT,43,30025.71,6,44.9,71.8,No
EMP_0255,Sales,49,32560.29,5,34.8,67.1,Yes
EMP_0256,HR,43,45295.21,5,41.5,81.8,Yes
EMP_0257,Marketing,40,52486.6,6,41.5,61.0,No
EMP_0258,HR,29,40806.75,6,35.7,82.8,No
EMP_0259,HR,29,56237.03,7,40.8,51.2,No
EMP_0260,Sales,47,44757.13,6,35.3,47.2,No
EMP_0261,HR,47,31541.43,5,42.6,65.9,No
EMP_0262,Marketing,44,34264.27,6,33.4,31.6,Yes
EMP_0263,Sales,34,66651.41,6,38.3,71.3,No
EMP_0264,IT,49,55813.34,5,38.7,44.0,No
EMP_0265,Marketing,30,75030.61,10,45.6,74.2,No
EMP_0266,Finance,41,32501.23,4,40.7,72.8,Yes
EMP_0267,HR,40,122553.5,8,44.8,69.0,Yes
EMP_0268,Finance,33,34699.43,6,42.8,76.5,No
EMP_0269,IT,36,30237.0,4,42.7,73.1,No
EMP_0270,IT,52,149222.11,5,38.3,65.6,No
EMP_0271,Finance,35,36599.93,4,45.1,97.5,Yes
EMP_0272,Finance,32,52053.58,6,38.2,75.9,No
EMP_0273,Marketing,47,33888.26,2,31.4,81.6,No
EMP_0274,Marketing,48,47360.9,2,38.9,86.1,Yes
EMP_0275,IT,32,76875.43,9,42.3,80.0,Yes
EMP_0276,IT,59,37718.58,1,32.0,100.0,Yes
EMP_0277,Finance,55,52188.65,3,35.6,72.5,Yes
EMP_0278,HR,40,34162.72,4,33.8,69.9,No
EMP_0279,Finance,27,49605.68,3,43.9,60.3,No
EMP_0280,Finance,59,38203.03,2,48.4,66.2,No
EMP_0281,Marketing,49,34745.06,6,39.0,59.0,Yes
EMP_0282,IT,22,37513.72,2,42.7,80.2,Yes
EMP_0283,IT,56,33940.77,7,42.5,56.3,No
EMP_0284,Sales,29,76438.64,10,47.8,71.1,No
EMP_0285,HR,28,40122.96,1,36.7,78.4,Yes
EMP_0286,Sales,32,35628.15,2,38.9,72.3,Yes
EMP_0287,IT,25,41898.93,4,38.3,56.6,No
EMP_0288,IT,46,37729.03,4,40.4,80.5,No
EMP_0289,IT,33,57284.34,8,52.5,68.7,No
EMP_0290,HR,47,100961.43,6,40.2,26.9,No
EMP_0291,Sales,59,41526.27,2,35.7,55.2,No
EMP_0292,Sales,33,69470.43,6,34.2,91.0,No
EMP_0293,Finance,58,46687.91,8,46.3,92.3,No
EMP_0294,IT,45,33421.36,8,35.7,77.9,No
EMP_0295,Sales,37,53463.88,2,43.3,81.8,No
EMP_0296,IT,34,44407.67,5,36.6,58.3,Yes
EMP_0297,Finance,46,51031.13,4,33.7,66.1,No
EMP_0298,Sales,25,74088.74,3,43.0,88.5,Yes
EMP_0299,HR,32,41611.9,8,36.8,76.4,Yes
EMP_0300,Sales,53,76288.62,3,42.1,71.0,No
EMP_0301,Sales,28,57779.48,7,42.5,67.2,No
EMP_0302,IT,32,43412.26,2,42.7,87.6,Yes
EMP_0303,IT,49,48487.57,1,38.7,86.8,Yes
EMP_0304,HR,44,37878.08,5,43.4,79.7,Yes
EMP_0305,Finance,44,112206.19,4,35.4,71.0,No
EMP_0306,Marketing,49,52013.36,4,27.7,64.6,No
EMP_0307,IT,47,30896.74,4,43.5,80.4,Yes
EMP_0308,IT,46,37908.97,3,40.8,53.5,No
EMP_0309,Finance,50,49526.89,0,36.9,56.6,Yes
EMP_0310,IT,40,31159.64,2,32.6,48.2,No
EMP_0311,IT,54,30483.48,3,29.8,88.5,Yes
EMP_0312,Sales,57,41957.62,4,40.3,59.2,No
EMP_0313,Sales,35,38090.02,2,48.2,76.1,Yes
EMP_0314,Marketing,35,41535.7,6,39.3,68.1,No
EMP_0315,Finance,56,36095.03,5,38.2,100.0,Yes
EMP_0316,HR,51,33599.71,1,39.9,76.6,No
EMP_0317,IT,49,53368.47,8,50.9,42.1,No
EMP_0318,Sales,38,44454.45,6,43.8,87.6,Yes
EMP_0319,Sales,24,34466.73,1,35.3,64.2,No
EMP_0320,IT,37,37701.18,9,40.1,67.0,No
EMP_0321,IT,51,47920.35,3,41.7,59.9,No
EMP_0322,Finance,50,31499.41,9,34.7,72.9,Yes
EMP_0323,HR,36,33190.54,4,43.8,72.7,No
EMP_0324,IT,46,31521.33,3,35.9,60.3,No
EMP_0325,Marketing,59,63460.05,7,32.4,62.4,No
EMP_0326,Finance,59,57919.56,5,40.4,71.5,No
EMP_0327,HR,44,57992.69,6,39.6,34.9,No
EMP_0328,HR,46,55198.55,3,40.0,48.4,No
EMP_0329,IT,28,52136.04,7,36.2,95.0,Yes
EMP_0330,Sales,43,42963.17,5,36.9,74.9,Yes
EMP_0331,IT,38,50559.99,8,45.6,62.1,No
EMP_0332,Finance,39,30782.33,7,42.2,44.6,No
EMP_0333,Sales,31,49428.9,3,35.2,69.2,No
EMP_0334,Sales,31,60090.54,5,30.2,84.8,Yes
EMP_0335,Sales,28,43877.28,9,35.4,100.0,Yes
EMP_0336,Sales,59,38848.18,5,40.8,98.4,Yes
EMP_0337,Marketing,48,36498.73,6,36.8,56.7,No
EMP_0338,Finance,54,50589.3,4,36.5,62.6,No
EMP_0339,IT,22,53605.2,6,37.1,47.9,No
EMP_0340,Sales,55,70953.83,6,39.6,57.4,No
EMP_0341,IT,25,38381.16,5,43.9,66.8,No
EMP_0342,IT,38,59373.73,6,40.0,64.5,Yes
EMP_0343,Sales,25,46481.33,4,40.3,100.0,No
EMP_0344,IT,47,72883.7,4,38.9,50.3,No
EMP_0345,IT,25,45007.57,7,37.5,69.3,No
EMP_0346,HR,22,44580.87,7,44.5,39.0,No
EMP_0347,HR,28,47249.17,5,43.7,75.0,No
EMP_0348,Sales,51,57671.19,3,50.2,49.9,No
EMP_0349,IT,30,96872.05,3,43.1,86.5,Yes
EMP_0350,HR,56,31528.19,3,37.5,65.6,Yes
EMP_0351,IT,29,31098.3,2,35.5,49.0,No
EMP_0352,Marketing,45,85467.89,6,44.8,38.5,No
EMP_0353,HR,40,45095.16,3,35.9,55.3,No
EMP_0354,Sales,57,49085.2,3,44.0,73.6,No
EMP_0355,Sales,48,43171.96,11,36.2,76.3,Yes
EMP_0356,HR,53,31966.76,4,41.7,62.5,No
EMP_0357,Sales,35,59228.06,10,34.7,83.9,Yes
EMP_0358,HR,39,57505.08,8,43.9,53.0,No
EMP_0359,Marketing,49,37470.71,3,33.8,26.1,No
EMP_0360,HR,50,37312.56,7,41.4,74.2,No
EMP_0361,IT,37,66383.61,5,39.0,89.4,Yes
EMP_0362,HR,56,31502.17,3,40.5,89.5,Yes
EMP_0363,IT,52,72590.32,5,38.0,50.5,Yes
EMP_0364,IT,25,35932.08,6,37.9,61.8,Yes
EMP_0365,Marketing,58,47978.09,5,40.8,80.9,No
EMP_0366,IT,38,84975.62,5,35.0,60.6,Yes
EMP_0367,Marketing,47,52671.68,2,35.0,71.6,No
EMP_0368,Marketing,25,40703.38,6,38.2,59.3,No
EMP_0369,Sales,51,53393.63,5,38.0,53.7,No
EMP_0370,Sales,51,38431.27,4,35.0,56.6,No
EMP_0371,Sales,43,36494.07,7,44.6,84.3,No
EMP_0372,Sales,32,144175.57,5,38.3,70.2,No
EMP_0373,Sales,23,57789.21,6,38.9,89.1,No
EMP_0374,HR,33,50696.98,6,33.4,77.8,No
EMP_0375,Sales,51,38779.08,6,50.4,94.1,No
EMP_0376,IT,57,31008.21,3,52.1,82.3,No
EMP_0377,Finance,39,30630.99,5,36.1,81.4,Yes
EMP_0378,Sales,47,46156.86,4,46.1,68.2,No
EMP_0379,Finance,28,58712.44,8,39.5,100.0,Yes
EMP_0380,IT,22,45416.95,3,48.0,71.7,No
EMP_0381,Sales,47,66750.0,2,41.7,40.4,No
EMP_0382,HR,44,30679.96,1,40.5,74.0,Yes
EMP_0383,HR,47,39137.87,7,27.5,55.3,No
EMP_0384,Marketing,27,35411.79,3,35.6,85.3,Yes
EMP_0385,Finance,27,41857.82,2,40.1,80.9,Yes
EMP_0386,Finance,29,31502.58,4,41.0,67.1,No
EMP_0387,IT,45,91639.6,6,33.9,56.7,No
EMP_0388,Sales,43,35052.87,2,36.4,72.2,No
EMP_0389,Finance,40,81100.0,7,42.8,60.4,No
EMP_0390,Finance,58,41098.8,4,33.1,81.8,Yes
EMP_0391,Marketing,39,114705.45,10,40.7,78.3,Yes
EMP_0392,IT,52,46151.34,8,46.2,100.0,Yes
EMP_0393,IT,58,83424.59,6,41.9,63.3,No
EMP_0394,Finance,51,30107.27,7,41.7,65.4,No
EMP_0395,IT,54,57585.49,3,29.9,67.7,Yes
EMP_0396,Marketing,31,76671.33,4,35.9,68.3,No
EMP_0397,Marketing,58,33009.96,8,50.3,85.4,Yes
EMP_0398,IT,33,32021.3,5,37.0,65.9,Yes
EMP_0399,Finance,51,41052.84,4,46.3,99.6,Yes
EMP_0400,Finance,48,84264.95,4,36.9,78.7,No
EMP_0401,Sales,30,45634.61,5,38.6,62.7,No
EMP_0402,Marketing,42,44992.51,5,42.6,58.9,No
EMP_0403,IT,33,33042.66,4,40.5,85.6,No
EMP_0404,Finance,50,30015.8,3,41.9,70.4,Yes
EMP_0405,IT,54,63229.38,6,35.9,70.1,Yes
EMP_0406,Marketing,36,31832.98,8,34.3,61.0,No
EMP_0407,IT,23,50094.23,5,35.6,69.1,No
EMP_0408,Sales,39,79212.04,5,37.3,60.4,No
EMP_0409,Marketing,24,34680.35,3,38.9,90.4,Yes
EMP_0410,Sales,28,51888.79,5,45.2,80.8,Yes
EMP_0411,IT,39,31639.36,5,40.4,67.4,No
EMP_0412,Marketing,59,48514.46,10,42.4,67.2,No
EMP_0413,Marketing,58,33580.9,4,40.7,71.4,Yes
EMP_0414,HR,54,56632.61,4,34.4,69.9,No
EMP_0415,HR,52,37168.71,9,40.1,55.6,No
EMP_0416,IT,32,42449.71,5,40.7,41.5,No
EMP_0417,IT,25,48297.36,4,43.8,58.0,No
EMP_0418,IT,39,33757.3,2,34.7,68.1,No
EMP_0419,HR,25,57067.86,4,29.8,58.9,No
EMP_0420,Finance,55,37209.08,4,40.9,82.3,Yes
EMP_0421,Finance,50,51716.2,5,41.8,66.6,No
EMP_0422,Finance,45,33446.23,2,39.1,98.1,Yes
EMP_0423,Sales,43,53302.59,8,40.1,61.6,No
EMP_0424,IT,23,32743.63,3,44.4,72.1,No
EMP_0425,Sales,27,41080.11,5,37.7,65.7,No
EMP_0426,IT,46,35679.28,4,38.6,76.6,Yes
EMP_0427,IT,42,57596.33,5,40.4,86.0,No
EMP_0428,Marketing,37,36077.18,7,33.9,79.1,Yes
EMP_0429,IT,52,72693.56,6,39.2,39.5,No
EMP_0430,Sales,35,74479.21,7,39.7,77.5,Yes
EMP_0431,Sales,49,34374.1,3,48.2,54.8,Yes
EMP_0432,Finance,53,49030.38,8,38.5,65.4,Yes
EMP_0433,HR,49,31836.11,3,41.0,80.3,Yes
EMP_0434,Sales,30,39936.39,6,44.6,53.2,No
EMP_0435,Sales,43,54987.89,6,35.8,87.3,Yes
EMP_0436,Finance,53,51542.3,6,46.9,64.7,No
EMP_0437,Sales,26,49600.63,3,48.8,100.0,Yes
EMP_0438,Finance,44,36640.79,1,39.9,71.0,No
EMP_0439,Finance,26,39497.11,6,37.3,95.6,No
EMP_0440,Sales,53,32172.79,5,48.1,88.0,Yes
EMP_0441,Sales,31,55389.64,2,44.0,60.8,Yes
EMP_0442,Marketing,36,44019.1,4,40.4,50.5,No
EMP_0443,IT,28,54672.54,10,47.1,71.7,Yes
EMP_0444,IT,50,35725.49,3,46.6,61.3,No
EMP_0445,Finance,24,37844.21,11,38.3,93.7,Yes
EMP_0446,Marketing,40,38135.78,2,41.2,66.3,No
EMP_0447,Marketing,31,30521.59,3,42.9,65.5,Yes
EMP_0448,Finance,49,38342.09,3,40.1,49.1,No
EMP_0449,IT,50,62521.98,2,33.0,76.3,Yes
EMP_0450,Sales,36,75518.57,3,35.3,52.4,No
EMP_0451,Finance,56,44605.28,6,33.2,76.6,No
EMP_0452,HR,27,42157.81,6,42.5,78.7,Yes
EMP_0453,IT,33,30626.19,7,34.1,58.8,No
EMP_0454,Marketing,59,72273.1,3,41.0,84.3,Yes
EMP_0455,Sales,34,30261.91,5,49.2,65.9,No
EMP_0456,IT,50,87917.77,2,47.1,47.9,No
EMP_0457,Sales,40,43436.18,5,30.8,93.2,Yes
EMP_0458,IT,24,38369.02,4,33.6,56.1,No
EMP_0459,Sales,29,81598.0,1,36.1,77.6,Yes
EMP_0460,Sales,29,30493.87,3,34.2,76.4,Yes
EMP_0461,Sales,41,47417.98,3,31.7,75.8,Yes
EMP_0462,HR,25,45922.77,8,39.9,75.6,No
EMP_0463,Finance,42,34951.81,10,43.5,55.4,No
EMP_0464,HR,24,41203.38,4,44.8,95.4,Yes
EMP_0465,Marketing,29,51126.23,5,37.6,84.3,Yes
EMP_0466,IT,44,55975.28,6,38.6,77.1,No
EMP_0467,IT,37,30014.34,3,41.8,50.0,No
EMP_0468,Marketing,34,85245.93,11,39.5,55.3,No
EMP_0469,Sales,24,33595.11,5,44.1,79.9,No
EMP_0470,Marketing,30,35320.51,5,42.2,39.9,No
EMP_0471,Sales,35,36116.2,3,38.1,75.1,Yes
EMP_0472,Marketing,34,30771.08,7,30.7,50.0,No
EMP_0473,Sales,28,32626.15,2,47.5,57.0,No
EMP_0474,Marketing,36,115880.2,5,36.6,48.8,No
EMP_0475,IT,28,37573.06,4,41.8,73.7,No
EMP_0476,Marketing,59,32450.16,6,30.4,86.7,Yes
EMP_0477,Sales,55,32263.18,4,39.9,75.2,No
EMP_0478,HR,43,55420.78,5,40.5,76.9,No
EMP_0479,Marketing,45,68561.02,3,40.7,72.5,Yes
EMP_0480,IT,58,35939.9,5,55.1,80.2,Yes
EMP_0481,HR,22,30422.62,6,36.8,77.0,Yes
EMP_0482,HR,31,35048.62,3,44.1,29.3,No
EMP_0483,IT,37,31163.51,7,42.6,83.6,Yes
EMP_0484,HR,29,32182.8,4,36.6,82.0,Yes
EMP_0485,HR,46,41295.36,2,44.0,64.6,No
EMP_0486,Marketing,33,35225.18,12,39.2,40.4,No
EMP_0487,Sales,46,44511.17,4,44.4,73.6,Yes
EMP_0488,IT,38,35847.03,2,49.8,74.9,No
EMP_0489,Marketing,47,86448.12,7,40.8,63.4,No
EMP_0490,Marketing,35,77277.29,1,38.6,72.8,No
EMP_0491,IT,57,46731.4,0,45.3,86.1,Yes
EMP_0492,HR,44,38752.25,3,47.0,100.0,Yes
EMP_0493,IT,27,39597.75,10,35.6,72.2,No
EMP_0494,Sales,26,40615.54,2,37.7,75.0,No
EMP_0495,IT,46,56008.16,9,43.4,57.6,No
EMP_0496,IT,39,42016.43,3,39.3,62.5,No
EMP_0497,HR,34,68860.48,6,35.2,68.0,Yes
EMP_0498,Sales,35,87681.95,5,42.7,87.7,Yes
EMP_0499,Marketing,49,38187.84,3,43.4,82.3,No
EMP_0500,Marketing,39,46451.2,8,38.3,98.9,No
EMP_0501,HR,49,31997.66,4,40.3,47.6,No
EMP_0502,IT,48,34474.6,5,37.1,50.1,No
EMP_0503,IT,53,40670.48,4,34.5,86.5,Yes
EMP_0504,Finance,30,34618.54,4,37.5,91.7,No
EMP_0505,HR,53,71840.08,3,40.4,70.5,No
EMP_0506,Sales,41,33446.31,5,32.6,3.0,No
EMP_0507,Marketing,49,42163.65,3,37.9,58.8,No
EMP_0508,Finance,54,48612.83,7,40.4,75.0,No
EMP_0509,Marketing,25,53544.27,2,46.0,56.5,No
EMP_0510,Finance,55,39659.97,7,38.4,72.8,No
EMP_0511,HR,24,70666.29,4,33.8,98.5,Yes
EMP_0512,IT,47,46801.37,3,39.0,91.4,Yes
EMP_0513,Marketing,29,41578.8,3,37.2,82.1,Yes
EMP_0514,Marketing,27,31392.16,8,42.8,69.0,No
EMP_0515,Sales,37,42498.17,10,38.3,62.6,No
EMP_0516,Sales,45,64377.9,5,26.4,81.4,No
EMP_0517,IT,51,49066.41,8,58.5,70.4,No
EMP_0518,Finance,34,65695.18,1,40.7,70.9,No
EMP_0519,Marketing,26,43624.83,6,40.4,46.7,No
EMP_0520,Sales,46,32521.74,2,32.3,59.3,No
EMP_0521,HR,41,30274.67,4,32.7,81.3,No
EMP_0522,IT,39,37225.7,4,39.5,53.5,Yes
EMP_0523,Marketing,39,53945.93,8,41.7,74.0,Yes
EMP_0524,Finance,23,61237.72,7,43.5,76.2,No
EMP_0525,Finance,31,37012.52,4,41.2,77.1,No
EMP_0526,IT,33,43689.85,7,34.1,78.4,Yes
EMP_0527,IT,34,40933.16,5,27.5,79.4,Yes
EMP_0528,IT,32,40570.38,7,39.5,60.6,No
EMP_0529,Sales,40,35262.36,3,37.3,48.0,No
EMP_0530,Marketing,56,32932.24,4,33.7,56.9,No
EMP_0531,Finance,47,34380.26,8,44.1,80.9,Yes
EMP_0532,Marketing,35,31138.44,7,32.1,52.0,No
EMP_0533,Marketing,45,34416.19,2,43.1,54.4,No
EMP_0534,HR,22,30184.87,2,32.9,54.3,Yes
EMP_0535,Finance,43,49737.4,6,40.7,42.3,No
EMP_0536,Marketing,44,37606.93,8,44.7,52.8,No
EMP_0537,Finance,40,102345.85,4,38.3,85.0,Yes
EMP_0538,Sales,39,34306.41,6,48.4,59.2,No
EMP_0539,IT,33,38487.72,8,49.6,43.8,No
EMP_0540,Sales,49,38858.39,6,41.2,62.3,Yes
EMP_0541,Marketing,49,30169.75,4,42.7,77.7,Yes
EMP_0542,HR,54,66552.87,6,45.3,42.5,No
EMP_0543,Sales,40,30650.35,6,42.7,84.3,Yes
EMP_0544,HR,49,86328.25,4,42.2,48.4,No
EMP_0545,HR,58,74526.25,4,37.4,64.1,Yes
EMP_0546,IT,47,45336.82,5,31.6,63.9,No
EMP_0547,Sales,56,45687.52,9,33.0,61.6,No
EMP_0548,HR,55,51213.5,5,51.9,69.0,No
EMP_0549,IT,56,39789.44,6,41.6,81.7,Yes
EMP_0550,Finance,37,50838.34,9,38.8,69.4,No
EMP_0551,IT,59,30916.03,3,46.3,60.9,No
EMP_0552,Marketing,34,31111.26,10,36.3,76.9,No
EMP_0553,HR,44,42221.41,7,42.9,73.1,No
EMP_0554,HR,43,45953.37,6,40.4,60.0,Yes
EMP_0555,Marketing,37,73752.59,5,42.3,70.6,No
EMP_0556,IT,49,32211.05,5,38.3,58.7,No
EMP_0557,Sales,56,64592.37,9,35.2,57.0,No
EMP_0558,Sales,29,34715.65,7,35.9,82.1,Yes
EMP_0559,Finance,43,40020.27,7,36.1,76.7,Yes
EMP_0560,HR,42,37613.57,5,40.0,81.6,No
EMP_0561,Finance,47,40221.69,2,32.2,79.5,Yes
EMP_0562,Sales,42,33262.04,5,33.8,56.7,No
EMP_0563,Sales,46,44006.26,4,40.7,85.0,Yes
EMP_0564,Sales,22,62353.7,7,39.4,65.5,No
EMP_0565,IT,27,41651.23,3,41.0,83.9,Yes
EMP_0566,HR,44,43490.97,3,39.8,68.1,No
EMP_0567,IT,44,67778.75,6,52.6,74.7,No
EMP_0568,IT,44,54487.46,3,40.6,75.1,Yes
EMP_0569,Marketing,53,43484.72,5,38.1,82.2,Yes
EMP_0570,IT,51,35959.92,3,40.5,45.5,No
EMP_0571,IT,34,73243.73,8,45.1,46.4,No
EMP_0572,Finance,39,47208.63,3,39.8,80.1,Yes
EMP_0573,IT,44,34998.67,7,43.4,75.3,No
EMP_0574,HR,36,36270.11,5,42.0,58.4,No
EMP_0575,Marketing,54,62504.55,6,38.5,75.5,No
EMP_0576,Marketing,42,30902.99,4,40.6,48.9,No
EMP_0577,Sales,44,126798.08,6,48.0,100.0,Yes
EMP_0578,Marketing,48,32793.33,7,41.2,89.7,No
EMP_0579,IT,39,61799.43,10,35.1,79.3,No
EMP_0580,IT,45,40043.11,7,38.4,71.1,No
EMP_0581,IT,28,43553.99,6,29.4,60.7,No
EMP_0582,Marketing,41,72514.0,4,40.7,50.3,No
EMP_0583,IT,48,40651.58,6,46.6,68.3,Yes
EMP_0584,IT,27,45421.9,2,33.3,57.1,Yes
EMP_0585,HR,48,31011.13,2,40.7,58.0,No
EMP_0586,Sales,30,30047.0,3,44.9,48.7,No
EMP_0587,Sales,52,35615.45,9,45.5,73.7,Yes
EMP_0588,Sales,42,52825.16,4,46.4,64.3,No
EMP_0589,Sales,47,32585.44,7,30.7,78.0,No
EMP_0590,Sales,34,32415.39,8,42.5,76.9,No
EMP_0591,Sales,44,40585.24,6,32.5,73.4,Yes
EMP_0592,HR,41,50873.23,3,35.0,100.0,Yes
EMP_0593,Sales,58,54900.9,6,44.1,82.4,Yes
EMP_0594,IT,49,33931.27,3,40.8,51.1,No
EMP_0595,Marketing,38,31658.68,7,43.6,76.9,Yes
EMP_0596,IT,49,86401.0,6,35.4,69.2,No
EMP_0597,HR,23,36040.12,2,47.4,49.9,No
EMP_0598,Sales,46,68393.65,1,43.4,48.7,Yes
EMP_0599,Sales,27,69827.36,2,44.4,76.8,No
EMP_0600,Sales,32,59614.09,5,34.6,80.5,Yes
EMP_0601,Sales,59,33698.51,4,45.9,54.3,No
EMP_0602,IT,27,64497.14,5,38.4,84.6,Yes
EMP_0603,Sales,32,59328.46,8,36.9,74.3,Yes
EMP_0604,Sales,35,48162.63,4,43.1,87.9,No
EMP_0605,Sales,23,38225.7,6,42.9,86.3,Yes
EMP_0606,IT,24,36090.02,3,35.8,67.6,No
EMP_0607,Sales,56,32599.65,4,50.3,94.5,Yes
EMP_0608,IT,54,44257.08,8,49.1,53.1,No
EMP_0609,IT,45,47602.11,5,43.0,100.0,Yes
EMP_0610,HR,40,38905.1,7,42.2,56.8,No
EMP_0611,Sales,39,42900.82,2,41.6,69.3,No
EMP_0612,Finance,45,39035.87,5,32.3,61.5,No
EMP_0613,HR,56,50489.0,10,40.6,64.3,Yes
EMP_0614,Sales,22,76305.14,4,40.5,100.0,Yes
EMP_0615,Marketing,57,33580.63,5,37.1,63.1,No
EMP_0616,Marketing,46,39606.21,3,38.5,82.8,Yes
EMP_0617,Sales,55,33036.67,3,28.1,66.5,Yes
EMP_0618,IT,46,49613.59,8,34.5,84.0,No
EMP_0619,Finance,37,56103.17,3,44.6,61.8,No
EMP_0620,Finance,55,83739.3,7,48.7,73.8,No
EMP_0621,Sales,50,36538.77,8,35.3,79.4,Yes
EMP_0622,Sales,40,89999.31,4,40.9,59.2,No
EMP_0623,IT,44,31307.05,5,45.5,100.0,Yes
EMP_0624,IT,40,48477.08,6,37.4,80.2,Yes
EMP_0625,HR,46,31176.59,1,43.4,66.6,Yes
EMP_0626,IT,37,74843.76,2,39.8,59.5,No
EMP_0627,IT,30,45092.33,3,46.0,71.4,Yes
EMP_0628,Finance,22,52133.8,4,33.6,51.8,No
EMP_0629,Sales,40,65625.17,4,34.5,96.7,Yes
EMP_0630,IT,54,33257.69,4,41.4,76.5,Yes
EMP_0631,Finance,55,30787.12,3,40.5,68.7,No
EMP_0632,Marketing,37,72219.66,5,39.7,85.7,No
EMP_0633,IT,39,37564.78,5,42.9,59.2,No
EMP_0634,IT,55,32761.78,2,35.3,52.7,No
EMP_0635,Sales,46,42639.58,6,33.2,68.0,Yes
EMP_0636,IT,27,48241.3,3,37.5,71.9,No
EMP_0637,IT,42,30629.21,4,38.1,78.0,No
EMP_0638,Sales,27,36428.79,3,38.6,47.9,No
EMP_0639,IT,53,30667.0,6,46.3,63.2,No
EMP_0640,IT,52,40906.11,4,43.9,23.7,No
EMP_0641,Sales,31,75094.96,1,42.7,52.3,No
EMP_0642,IT,51,111086.04,9,41.1,80.7,Yes
EMP_0643,Sales,39,50269.67,7,37.8,84.4,Yes
EMP_0644,IT,45,33526.1,5,35.7,52.9,No
EMP_0645,Sales,30,77257.19,4,34.0,65.1,No
EMP_0646,Marketing,52,44523.65,2,36.5,70.4,Yes
EMP_0647,HR,36,33338.79,4,39.8,86.2,Yes
EMP_0648,HR,25,80950.97,5,34.2,92.9,Yes
EMP_0649,Finance,30,58332.52,4,40.8,72.3,No
EMP_0650,IT,30,56313.38,6,39.0,66.1,Yes
EMP_0651,Sales,47,54701.06,3,38.0,48.3,No
EMP_0652,IT,25,34471.37,7,45.8,71.6,No
EMP_0653,HR,38,34739.95,5,27.7,100.0,Yes
EMP_0654,Finance,37,53313.83,6,38.1,89.4,Yes
EMP_0655,IT,36,34962.12,7,28.2,72.6,No
EMP_0656,Sales,56,41548.99,2,41.2,74.6,No
EMP_0657,IT,26,60465.37,6,43.8,59.7,No
EMP_0658,IT,26,60645.14,4,33.2,64.6,No
EMP_0659,HR,41,42075.7,6,33.9,72.2,No
EMP_0660,HR,36,61422.62,3,31.5,72.3,Yes
EMP_0661,IT,39,66480.09,6,40.3,85.2,No
EMP_0662,Marketing,23,51271.22,8,38.3,84.4,Yes
EMP_0663,HR,50,35186.45,3,38.6,77.8,Yes
EMP_0664,Sales,34,36404.43,7,38.2,55.0,No
EMP_0665,Sales,25,37562.09,15,35.1,55.6,No
EMP_0666,Sales,31,32484.17,7,45.7,56.7,No
EMP_0667,Sales,52,36380.97,6,41.4,73.5,Yes
EMP_0668,Sales,29,34702.28,3,34.1,39.6,No
EMP_0669,Sales,24,42151.46,2,36.5,69.9,No
EMP_0670,IT,30,77814.68,5,35.6,91.1,Yes
EMP_0671,Sales,51,32207.02,6,47.0,80.0,Yes
EMP_0672,Marketing,32,55478.46,6,43.6,64.7,Yes
EMP_0673,Sales,56,53249.13,4,39.4,59.5,Yes
EMP_0674,IT,58,32013.08,1,48.5,82.1,Yes
EMP_0675,IT,34,81168.24,6,47.3,74.6,Yes
EMP_0676,Marketing,57,46808.47,8,38.8,66.3,No
EMP_0677,Sales,34,39042.5,2,37.9,61.2,No
EMP_0678,IT,33,58255.94,2,38.2,71.1,Yes
EMP_0679,Marketing,58,35951.02,2,35.2,65.5,No
EMP_0680,Marketing,31,53651.39,5,48.7,81.8,Yes
EMP_0681,Finance,30,30810.42,7,35.0,88.6,Yes
EMP_0682,IT,28,66577.77,7,44.3,49.5,Yes
EMP_0683,Sales,23,41890.34,9,43.5,51.6,No
EMP_0684,HR,44,50250.14,4,38.5,90.2,No
EMP_0685,Marketing,42,35000.99,7,49.1,72.5,No
EMP_0686,HR,44,52606.62,5,32.2,53.0,No
EMP_0687,HR,50,59589.28,7,39.6,84.7,Yes
EMP_0688,IT,35,42819.19,7,37.6,75.1,No
EMP_0689,Finance,47,49232.4,3,44.8,100.0,Yes
EMP_0690,Sales,26,42188.11,5,41.8,66.5,Yes
EMP_0691,IT,52,74903.57,5,31.4,86.6,Yes
EMP_0692,IT,46,43777.89,5,46.2,48.3,No
EMP_0693,IT,52,66879.01,5,42.4,90.9,Yes
EMP_0694,Sales,41,62324.42,8,34.8,84.2,Yes
EMP_0695,Sales,38,40569.77,2,38.3,94.1,Yes
EMP_0696,HR,23,35229.49,6,33.5,86.7,Yes
EMP_0697,IT,46,40420.28,6,39.1,68.5,Yes
EMP_0698,HR,34,64999.0,6,40.8,52.4,No
EMP_0699,Sales,49,35165.9,1,38.3,61.0,No
EMP_0700,IT,27,44865.09,10,37.7,43.6,No
EMP_0701,IT,24,62807.92,5,31.9,56.2,No
EMP_0702,Sales,56,38722.94,3,41.7,76.4,Yes
EMP_0703,IT,39,50556.16,0,30.4,69.3,Yes
EMP_0704,Sales,32,35637.49,7,40.2,66.6,Yes
EMP_0705,Sales,41,32314.49,4,31.0,58.1,No
EMP_0706,Marketing,26,61634.92,6,40.3,43.4,No
EMP_0707,IT,40,32084.3,4,40.0,72.7,No
EMP_0708,Finance,43,36332.1,2,42.0,75.7,Yes
EMP_0709,IT,40,68635.53,4,44.3,55.1,Yes
EMP_0710,HR,37,38507.31,9,45.2,62.0,Yes
EMP_0711,Finance,45,102271.99,4,31.9,93.1,Yes
EMP_0712,HR,25,107976.54,5,39.7,87.4,Yes
EMP_0713,IT,36,36247.04,8,50.1,47.7,No
EMP_0714,IT,46,30836.83,2,40.6,68.7,No
EMP_0715,IT,56,54419.89,2,35.8,91.8,Yes
EMP_0716,Marketing,35,41992.65,5,39.6,66.8,No
EMP_0717,Finance,40,32123.95,4,38.1,66.0,No
EMP_0718,Marketing,59,54587.37,8,34.1,86.4,Yes
EMP_0719,Sales,57,30633.42,6,44.3,84.8,Yes
EMP_0720,Finance,28,70834.7,9,42.9,84.0,Yes
EMP_0721,Marketing,51,32985.15,7,33.3,66.1,No
EMP_0722,Sales,40,32723.54,2,39.5,79.9,No
EMP_0723,Sales,46,33863.74,8,37.2,92.4,No
EMP_0724,Finance,37,94511.14,3,32.0,69.3,No
EMP_0725,HR,29,53629.19,5,32.9,63.9,No
EMP_0726,Finance,39,62326.38,4,33.7,88.5,Yes
EMP_0727,Sales,49,40137.83,5,39.7,100.0,Yes
EMP_0728,Finance,37,38198.88,4,37.7,100.0,Yes
EMP_0729,Sales,40,35344.1,8,35.2,64.4,No
EMP_0730,Sales,38,43103.47,0,38.0,65.9,No
EMP_0731,Sales,34,46051.6,7,43.7,54.6,No
EMP_0732,Finance,28,49981.21,4,41.8,71.8,No
EMP_0733,HR,48,35944.37,5,45.0,53.9,No
EMP_0734,IT,31,89383.4,2,38.9,62.1,Yes
EMP_0735,IT,55,33720.77,3,48.0,80.5,Yes
EMP_0736,Marketing,57,97424.91,3,41.7,75.8,Yes
EMP_0737,IT,46,30299.35,1,37.6,42.8,No
EMP_0738,Finance,27,43121.87,3,40.5,93.6,Yes
EMP_0739,IT,45,38110.34,4,33.8,53.7,No
EMP_0740,IT,39,41924.89,4,38.5,55.6,No
EMP_0741,IT,44,46910.34,7,42.1,51.4,No
EMP_0742,IT,27,41439.46,9,43.1,60.1,No
EMP_0743,Finance,50,40717.63,1,37.9,56.5,No
EMP_0744,IT,46,56389.43,3,53.7,56.9,No
EMP_0745,Sales,38,53159.37,5,39.1,33.0,No
EMP_0746,Marketing,45,65827.74,1,31.6,71.9,No
EMP_0747,IT,32,35752.55,3,46.1,73.5,Yes
EMP_0748,IT,47,48808.01,5,43.0,100.0,Yes
EMP_0749,Marketing,55,47598.92,7,41.2,77.3,Yes
EMP_0750,HR,49,39232.39,4,37.7,62.6,No
EMP_0751,Sales,24,43312.88,6,42.0,52.0,No
EMP_0752,Marketing,32,37531.2,4,48.1,68.6,No
EMP_0753,HR,59,33059.4,3,41.0,76.7,Yes
EMP_0754,IT,35,34810.91,5,32.6,62.4,No
EMP_0755,Sales,47,32230.11,4,22.7,70.9,No
EMP_0756,Finance,42,52981.46,4,41.9,98.5,Yes
EMP_0757,HR,51,51619.03,4,35.1,64.2,No
EMP_0758,IT,29,90158.68,5,39.5,41.7,No
EMP_0759,Marketing,41,56162.86,4,36.0,83.1,Yes
EMP_0760,Finance,53,31068.98,8,35.6,74.7,Yes
EMP_0761,Sales,43,73125.62,3,36.2,44.4,No
EMP_0762,IT,28,69708.12,5,36.6,76.4,No
EMP_0763,Sales,30,41715.31,4,43.9,55.0,No
EMP_0764,Finance,22,47631.17,3,42.9,76.6,No
EMP_0765,Sales,50,104659.41,5,34.0,98.6,Yes
EMP_0766,HR,29,45198.75,5,34.6,67.3,Yes
EMP_0767,Finance,25,77145.44,5,41.9,86.2,Yes
EMP_0768,Marketing,56,31733.8,2,45.3,51.6,No
EMP_0769,IT,24,34240.41,4,45.2,47.2,No
EMP_0770,Finance,28,41623.35,4,35.0,100.0,Yes
EMP_0771,Sales,48,47577.82,7,44.9,74.6,Yes
EMP_0772,Finance,22,63881.17,2,31.1,79.6,Yes
EMP_0773,Sales,48,118898.67,3,39.0,87.3,Yes
EMP_0774,IT,37,39848.31,4,42.4,62.1,No
EMP_0775,Finance,59,30971.53,5,29.6,82.4,No
EMP_0776,Sales,28,62306.25,7,50.5,80.1,No
EMP_0777,Sales,44,48546.06,5,46.6,50.6,No
EMP_0778,Finance,32,34426.48,3,43.2,92.7,Yes
EMP_0779,Finance,54,43657.14,2,35.2,89.6,No
EMP_0780,HR,57,57119.98,5,39.7,50.7,No
EMP_0781,HR,58,59429.36,7,44.0,73.0,No
EMP_0782,IT,38,43847.69,5,34.4,66.5,Yes
EMP_0783,IT,56,37283.04,5,39.1,91.3,Yes
EMP_0784,IT,26,102796.13,7,44.6,48.8,Yes
EMP_0785,Sales,53,51774.98,7,32.5,100.0,Yes
EMP_0786,Marketing,24,40493.0,10,41.7,67.4,Yes
EMP_0787,HR,56,36582.95,4,31.2,81.1,Yes
EMP_0788,IT,35,56268.54,4,35.3,90.8,Yes
EMP_0789,IT,52,35546.28,0,37.5,67.1,No
EMP_0790,Marketing,52,33767.84,3,42.6,68.3,No
EMP_0791,Sales,38,45093.38,3,36.5,62.5,Yes
EMP_0792,HR,45,36849.45,2,40.6,56.7,Yes
EMP_0793,IT,44,49825.95,9,36.6,74.1,No
EMP_0794,HR,39,32509.87,8,37.3,68.0,No
EMP_0795,Sales,35,51280.8,8,46.3,62.4,No
EMP_0796,Marketing,36,36661.86,4,34.2,63.2,No
EMP_0797,Marketing,36,30004.86,10,43.8,78.6,No
EMP_0798,HR,27,32714.93,3,40.0,58.0,No
EMP_0799,HR,48,84245.8,2,37.1,66.3,No
EMP_0800,Marketing,36,70401.52,2,33.9,83.5,No
EMP_0801,Finance,57,35321.26,2,34.3,73.7,Yes
EMP_0802,Sales,29,60135.09,6,36.3,54.3,No
EMP_0803,HR,36,48759.05,2,39.2,69.6,No
EMP_0804,HR,24,100743.58,9,43.0,76.6,Yes
EMP_0805,IT,34,39355.5,8,38.5,84.8,Yes
EMP_0806,Finance,55,52880.18,4,38.8,58.7,No
EMP_0807,Marketing,45,31312.88,4,39.6,61.6,Yes
EMP_0808,Marketing,53,40091.81,3,42.4,59.6,Yes
EMP_0809,IT,53,96383.68,9,43.2,60.3,No
EMP_0810,Sales,51,45486.31,10,33.1,76.1,No
EMP_0811,Marketing,34,36790.16,5,38.6,78.9,Yes
EMP_0812,Finance,22,32562.83,5,46.1,85.8,Yes
EMP_0813,Sales,55,54316.07,9,33.4,68.6,Yes
EMP_0814,Marketing,36,50704.64,2,40.4,48.9,No
EMP_0815,Marketing,35,39366.14,5,39.1,80.0,Yes
EMP_0816,IT,50,90294.78,5,37.2,72.4,Yes
EMP_0817,HR,55,30449.06,8,48.0,70.9,No
EMP_0818,IT,39,37240.18,6,40.2,50.7,No
EMP_0819,Sales,28,80783.75,6,47.6,67.1,Yes
EMP_0820,IT,50,37740.78,7,40.0,52.1,No
EMP_0821,Finance,52,35813.81,5,42.3,77.2,Yes
EMP_0822,Sales,46,45280.85,5,37.1,63.6,Yes
EMP_0823,IT,59,64722.91,7,37.2,62.2,No
EMP_0824,IT,35,32177.26,4,42.0,46.9,No
EMP_0825,IT,29,87301.35,4,42.1,85.4,Yes
EMP_0826,Marketing,48,61702.02,6,43.0,66.1,Yes
EMP_0827,IT,23,33999.54,6,41.9,71.3,No
EMP_0828,IT,38,54896.45,4,33.3,59.0,No
EMP_0829,Finance,58,39721.32,3,36.0,45.2,No
EMP_0830,IT,35,40293.15,3,44.2,62.0,No
EMP_0831,Sales,46,60583.91,10,30.2,64.4,Yes
EMP_0832,IT,51,95820.76,6,41.5,74.4,No
EMP_0833,Sales,50,32708.51,6,39.4,64.7,No
EMP_0834,Sales,41,40916.29,4,44.2,59.2,No
EMP_0835,IT,42,43114.78,1,42.1,47.4,No
EMP_0836,IT,43,39442.09,5,36.7,70.7,No
EMP_0837,Marketing,56,39025.65,7,36.5,58.1,No
EMP_0838,IT,58,31073.68,4,37.4,89.8,No
EMP_0839,HR,37,53137.88,3,42.9,72.3,Yes
EMP_0840,HR,38,41461.63,5,28.5,78.4,Yes
EMP_0841,Sales,37,34333.14,7,40.8,66.3,Yes
EMP_0842,HR,23,63860.03,9,35.6,73.0,Yes
EMP_0843,Sales,25,62446.49,2,41.0,56.6,No
EMP_0844,Marketing,42,43325.88,6,41.7,52.3,Yes
EMP_0845,Sales,55,37089.28,2,31.7,70.2,Yes
EMP_0846,IT,51,50327.34,3,38.9,78.6,No
EMP_0847,Sales,27,36797.82,5,40.8,40.8,No
EMP_0848,Marketing,38,35383.96,3,40.4,62.5,Yes
EMP_0849,IT,46,56224.83,4,39.4,97.6,Yes
EMP_0850,HR,26,30823.22,5,33.9,77.2,Yes
EMP_0851,Sales,26,31991.29,4,34.7,93.1,No
EMP_0852,Finance,41,30136.23,5,33.1,60.5,No
EMP_0853,Sales,37,33319.75,2,42.8,63.1,No
EMP_0854,Marketing,58,31429.71,4,39.4,84.5,No
EMP_0855,Sales,30,139464.69,5,39.7,79.4,No
EMP_0856,Sales,26,36816.31,6,31.5,68.6,Yes
EMP_0857,Sales,23,33233.16,10,39.8,51.1,No
EMP_0858,IT,30,35514.97,5,43.2,87.4,No
EMP_0859,HR,57,85016.72,6,30.8,100.0,Yes
EMP_0860,Sales,43,44686.06,7,37.3,46.4,No
EMP_0861,Finance,43,39076.88,4,32.1,91.1,Yes
EMP_0862,IT,43,71333.11,7,37.9,63.0,No
EMP_0863,IT,55,40050.21,6,35.5,65.0,No
EMP_0864,IT,50,38159.62,2,41.9,74.0,No
EMP_0865,IT,59,34645.77,3,40.8,51.9,No
EMP_0866,HR,54,39489.77,4,46.5,69.4,No
EMP_0867,Sales,39,37615.97,4,39.7,45.8,No
EMP_0868,Sales,28,52620.89,5,41.7,77.1,No
EMP_0869,Marketing,22,36838.05,7,37.2,100.0,No
EMP_0870,Marketing,54,47217.11,3,34.5,60.4,No
EMP_0871,IT,22,31363.27,3,44.2,67.5,No
EMP_0872,IT,45,34246.28,6,46.2,68.2,No
EMP_0873,HR,25,40464.89,3,43.5,84.8,Yes
EMP_0874,IT,25,85276.31,9,40.7,76.1,Yes
EMP_0875,Sales,39,39472.27,7,35.1,83.8,Yes
EMP_0876,Sales,48,51817.29,5,45.7,62.4,No
EMP_0877,Finance,53,35889.76,6,42.9,76.5,Yes
EMP_0878,HR,54,32717.16,6,50.1,19.5,No
EMP_0879,Sales,49,31206.4,3,34.2,80.0,Yes
EMP_0880,Sales,57,37288.77,8,44.3,51.7,No
EMP_0881,Sales,27,33431.46,10,42.7,65.1,Yes
EMP_0882,HR,37,33823.46,6,38.3,81.2,No
EMP_0883,Sales,55,58605.7,7,46.8,47.0,No
EMP_0884,Sales,44,30319.3,2,42.0,86.3,Yes
EMP_0885,Finance,45,46320.32,5,35.3,68.1,No
EMP_0886,Sales,34,39543.35,8,39.4,91.8,Yes
EMP_0887,HR,39,44126.67,6,35.3,56.5,No
EMP_0888,Sales,34,46548.67,2,37.7,42.8,No
EMP_0889,Sales,58,37519.13,3,43.5,69.6,Yes
EMP_0890,Sales,38,36994.24,10,44.9,78.8,Yes
EMP_0891,Finance,36,56440.26,3,41.1,80.1,No
EMP_0892,Marketing,39,71001.85,4,36.2,53.0,No
EMP_0893,Finance,44,34278.27,9,41.9,45.6,No
EMP_0894,IT,51,32054.36,2,43.6,65.3,No
EMP_0895,HR,55,75615.65,5,30.1,77.7,No
EMP_0896,Sales,25,38612.44,1,40.6,77.0,No
EMP_0897,IT,24,46028.79,5,39.0,93.6,No
EMP_0898,Marketing,28,38911.47,9,44.8,64.4,No
EMP_0899,Sales,39,32688.98,2,41.9,42.3,No
EMP_0900,Sales,28,47799.39,5,42.4,87.9,Yes
EMP_0901,Sales,27,44894.74,6,37.6,72.9,No
EMP_0902,Sales,43,34537.85,7,40.0,74.2,Yes
EMP_0903,Sales,22,42024.82,3,44.7,81.5,Yes
EMP_0904,HR,25,61885.81,7,39.7,89.0,Yes
EMP_0905,IT,50,47852.76,7,40.9,69.7,Yes
EMP_0906,Marketing,42,32038.82,6,32.3,87.6,Yes
EMP_0907,Finance,47,45882.41,4,39.7,78.3,No
EMP_0908,IT,35,54262.85,10,29.9,60.2,No
EMP_0909,IT,30,61472.09,6,37.4,66.5,Yes
EMP_0910,IT,33,49837.4,8,40.3,79.3,No
EMP_0911,HR,27,33313.02,3,43.8,59.4,No
EMP_0912,IT,41,54769.44,6,35.0,83.3,Yes
EMP_0913,HR,45,52623.24,9,41.9,72.4,Yes
EMP_0914,IT,48,30494.6,3,47.3,75.7,Yes
EMP_0915,HR,59,40611.99,7,36.8,91.6,Yes
EMP_0916,IT,29,38097.81,4,32.3,75.3,Yes
EMP_0917,IT,22,52137.65,3,41.4,71.1,Yes
EMP_0918,Marketing,45,34870.39,9,34.0,68.8,Yes
EMP_0919,Finance,28,47874.54,4,35.9,68.0,No
EMP_0920,Sales,40,78884.35,4,44.6,74.7,No
EMP_0921,Marketing,43,61970.19,3,49.4,90.4,Yes
EMP_0922,IT,56,80882.37,2,35.0,60.8,No
EMP_0923,Marketing,51,106799.6,3,36.3,59.7,No
EMP_0924,Finance,50,30214.55,6,37.8,89.3,Yes
EMP_0925,IT,43,49496.48,12,37.3,61.5,No
EMP_0926,Sales,32,40649.14,7,49.7,73.2,Yes
EMP_0927,IT,41,69301.48,4,37.3,61.1,No
EMP_0928,IT,50,35802.09,7,38.1,44.8,No
EMP_0929,HR,55,109297.39,5,48.1,73.0,Yes
EMP_0930,IT,22,49023.23,8,42.9,86.7,Yes
EMP_0931,Sales,52,61552.72,4,44.9,69.1,No
EMP_0932,Finance,51,31789.73,7,35.5,47.8,No
EMP_0933,Marketing,39,34053.54,5,37.3,71.6,Yes
EMP_0934,IT,38,58409.74,2,34.8,58.7,No
EMP_0935,Sales,59,30444.64,4,44.0,30.7,No
EMP_0936,IT,35,63952.05,6,46.1,68.8,Yes
EMP_0937,Sales,44,30280.94,6,37.0,77.8,No
EMP_0938,Marketing,46,51407.43,4,38.2,87.7,Yes
EMP_0939,Sales,36,39085.56,3,38.4,96.4,Yes
EMP_0940,HR,43,48908.98,4,32.3,79.8,No
EMP_0941,IT,24,53816.62,5,36.6,84.0,Yes
EMP_0942,HR,40,38385.46,7,43.9,50.7,No
EMP_0943,HR,55,32284.94,10,35.6,94.3,No
EMP_0944,Finance,56,31443.8,7,40.5,89.0,Yes
EMP_0945,Sales,22,47780.13,5,33.5,64.5,No
EMP_0946,Sales,42,44706.71,3,39.3,80.2,Yes
EMP_0947,Sales,50,57111.5,4,37.2,78.7,Yes
EMP_0948,Marketing,27,44256.21,4,33.9,92.1,Yes
EMP_0949,Marketing,58,40979.06,8,44.0,67.7,No
EMP_0950,HR,22,40152.85,8,44.2,58.8,No
EMP_0951,HR,22,30536.06,4,35.2,62.7,No
EMP_0952,HR,48,38176.13,4,38.9,83.5,Yes
EMP_0953,Sales,42,104610.83,8,40.2,41.2,Yes
EMP_0954,Marketing,37,71359.05,4,30.9,25.0,No
EMP_0955,IT,47,37990.99,6,33.0,83.4,Yes
EMP_0956,IT,37,47724.71,6,46.4,74.1,Yes
EMP_0957,IT,49,67585.18,1,34.7,70.3,No
EMP_0958,Sales,22,41641.93,5,46.3,50.4,No
EMP_0959,Sales,57,30362.42,3,33.3,44.4,No
EMP_0960,Finance,31,31548.65,9,43.3,60.5,No
EMP_0961,Sales,38,44283.03,4,38.4,75.4,No
EMP_0962,HR,44,99760.86,8,39.1,61.2,No
EMP_0963,Sales,28,53631.81,8,49.3,83.5,No
EMP_0964,IT,28,31471.13,2,33.7,55.7,No
EMP_0965,IT,36,34198.65,6,43.0,62.2,No
EMP_0966,IT,55,59508.91,9,42.8,80.5,No
EMP_0967,Finance,25,66832.41,4,56.8,64.3,No
EMP_0968,IT,35,49230.71,4,34.6,65.1,No
EMP_0969,HR,35,50680.28,6,36.9,60.3,No
EMP_0970,IT,37,30574.93,13,44.1,57.6,No
EMP_0971,HR,28,65266.97,6,39.0,75.3,Yes
EMP_0972,Marketing,53,61049.36,8,37.7,77.3,No
EMP_0973,Finance,40,35996.04,8,44.8,73.4,No
EMP_0974,Sales,23,54666.43,1,38.7,60.8,No
EMP_0975,Sales,31,34837.73,8,35.5,67.0,No
EMP_0976,IT,38,30823.32,4,43.6,93.9,Yes
EMP_0977,HR,58,34491.3,4,41.9,48.7,No
EMP_0978,Sales,33,33935.6,2,38.4,98.3,Yes
EMP_0979,IT,27,38242.18,6,38.2,71.5,Yes
EMP_0980,HR,43,40841.15,6,35.4,67.3,No
EMP_0981,IT,53,44207.45,3,43.6,84.3,Yes
EMP_0982,Finance,41,42954.07,5,38.2,39.0,No
EMP_0983,Sales,22,36312.71,8,36.2,90.7,Yes
EMP_0984,Sales,27,30592.09,9,33.6,97.9,No
EMP_0985,Finance,40,48582.54,3,42.0,86.3,Yes
EMP_0986,IT,39,40075.17,2,37.5,38.5,No
EMP_0987,HR,27,37095.6,7,29.9,81.5,Yes
EMP_0988,IT,54,70339.26,6,34.0,94.7,No
EMP_0989,Sales,44,57467.03,6,38.8,93.1,Yes
EMP_0990,Finance,44,69005.57,6,39.0,48.9,No
EMP_0991,Finance,47,43663.26,4,38.8,85.2,No
EMP_0992,HR,34,32806.66,6,38.1,96.9,Yes
EMP_0993,IT,28,53829.13,10,32.6,70.4,No
EMP_0994,HR,36,34615.29,4,35.6,48.2,No
EMP_0995,IT,48,41640.33,3,45.9,82.4,Yes
EMP_0996,Sales,47,31344.19,0,45.2,85.8,Yes
EMP_0997,Marketing,54,64894.66,8,42.9,67.9,Yes
EMP_0998,Sales,36,32692.14,3,42.4,52.1,No
EMP_0999,Marketing,57,76681.0,4,44.5,84.7,Yes
EMP_1000,IT,48,69935.95,5,34.4,58.5,No
EMP_1001,Sales,26,42494.18,3,40.2,76.0,Yes
EMP_1002,IT,23,57280.34,2,34.4,93.4,Yes
EMP_1003,Marketing,54,49322.5,8,34.5,45.1,No
EMP_1004,Finance,37,62498.71,4,41.8,83.6,Yes
EMP_1005,Finance,44,41305.82,3,44.7,66.9,No
EMP_1006,HR,59,60817.69,8,39.0,67.3,Yes
EMP_1007,HR,37,42414.92,5,48.2,77.7,No
EMP_1008,Finance,35,86592.76,6,41.1,58.4,No
EMP_1009,Sales,50,43325.12,7,36.1,52.4,No
EMP_1010,IT,47,42420.97,10,34.6,43.2,No
EMP_1011,Sales,56,60749.03,7,45.1,88.5,Yes
EMP_1012,Marketing,36,64472.04,3,40.6,64.4,Yes
EMP_1013,Marketing,24,46170.67,3,43.4,78.5,No
EMP_1014,Sales,44,33964.09,7,26.7,62.7,No
EMP_1015,Finance,50,42613.15,3,41.2,52.6,No
EMP_1016,Marketing,55,98885.75,3,37.4,79.8,No
EMP_1017,Sales,54,57966.22,3,33.0,74.9,Yes
EMP_1018,HR,44,63337.38,8,39.7,66.4,No
EMP_1019,Marketing,28,30667.53,2,45.5,74.5,Yes
EMP_1020,Sales,24,42616.95,5,51.3,55.6,No
EMP_1021,HR,53,50804.29,4,41.2,85.9,No
EMP_1022,IT,52,65442.98,2,36.5,89.4,Yes
EMP_1023,Marketing,39,31010.58,3,36.2,81.4,Yes
EMP_1024,Marketing,28,68270.26,2,44.8,64.4,No
EMP_1025,Marketing,22,45899.21,6,35.0,70.9,No
EMP_1026,IT,35,34395.83,3,43.1,93.5,Yes
EMP_1027,Marketing,53,37632.68,6,41.5,89.2,No
EMP_1028,Finance,27,36623.75,5,40.9,99.9,Yes
EMP_1029,IT,31,45137.04,4,32.2,58.3,No
EMP_1030,Finance,28,31061.39,6,38.2,56.9,No
EMP_1031,Sales,47,33452.24,6,32.7,72.0,Yes
EMP_1032,HR,55,63500.13,6,37.1,76.1,No
EMP_1033,Sales,51,32845.19,7,44.6,67.9,No
EMP_1034,Sales,57,35315.71,10,46.2,64.2,Yes
EMP_1035,Sales,42,42079.68,12,41.1,89.0,Yes
EMP_1036,HR,38,44559.78,5,37.1,68.6,No
EMP_1037,IT,54,58845.49,7,47.9,51.8,No
EMP_1038,Finance,31,41859.97,10,37.1,53.5,No
EMP_1039,Sales,33,61200.07,2,34.3,73.7,No
EMP_1040,IT,37,49264.83,4,43.5,100.0,Yes
EMP_1041,IT,53,32400.45,6,42.3,55.4,No
EMP_1042,Finance,36,33399.91,4,37.3,65.3,No
EMP_1043,IT,48,41490.71,5,40.5,100.0,Yes
EMP_1044,HR,49,40113.09,3,42.2,62.7,No
EMP_1045,Marketing,38,57215.98,3,41.0,76.8,No
EMP_1046,HR,23,47385.14,3,42.3,98.1,Yes
EMP_1047,Sales,57,39824.81,6,37.5,55.7,No
EMP_1048,Sales,28,33744.92,5,42.6,65.4,No
EMP_1049,Marketing,34,35145.31,9,40.1,62.7,No
EMP_1050,Sales,36,47136.91,1,37.6,47.2,No
EMP_1051,Marketing,46,41013.48,5,38.8,93.5,Yes
EMP_1052,IT,44,44469.14,6,39.5,61.2,No
EMP_1053,Marketing,43,33742.92,5,32.8,56.9,No
EMP_1054,Finance,47,51747.88,8,36.8,63.3,No
EMP_1055,Marketing,54,68283.8,4,40.3,83.9,No
EMP_1056,IT,32,35966.49,6,33.2,71.7,No
EMP_1057,Finance,31,43526.36,5,36.9,58.1,No
EMP_1058,IT,46,104203.97,7,51.9,76.1,No
EMP_1059,IT,58,38106.55,4,34.4,82.2,Yes
EMP_1060,HR,59,48079.65,7,38.1,69.6,Yes
EMP_1061,Marketing,45,31890.52,4,35.8,66.5,No
EMP_1062,Marketing,54,48628.85,5,39.4,85.2,No
EMP_1063,Finance,38,31878.12,5,35.9,67.3,No
EMP_1064,IT,45,93998.84,5,38.8,94.1,Yes
EMP_1065,IT,58,55151.88,6,36.4,58.6,No
EMP_1066,Finance,23,61038.46,5,45.3,58.3,No
EMP_1067,Sales,53,54354.97,3,40.4,56.4,No
EMP_1068,Sales,45,47818.75,3,35.0,66.4,No
EMP_1069,IT,30,41953.57,5,44.2,70.0,Yes
EMP_1070,IT,25,69091.22,4,35.2,50.1,No
EMP_1071,IT,38,92854.82,5,32.2,71.5,No
EMP_1072,Sales,38,43824.43,2,40.0,78.5,Yes
EMP_1073,Sales,51,83628.67,8,49.5,48.0,No
EMP_1074,Sales,32,47509.35,4,30.9,62.2,Yes
EMP_1075,Marketing,42,45460.45,1,33.3,78.5,No
EMP_1076,IT,42,42120.42,3,43.8,53.7,No
EMP_1077,IT,39,34696.42,6,36.8,65.3,No
EMP_1078,HR,50,30074.53,7,43.1,86.3,Yes
EMP_1079,Sales,45,35528.41,5,35.8,96.9,Yes
EMP_1080,Marketing,31,44255.7,3,40.7,76.6,Yes
EMP_1081,Finance,38,39559.42,5,48.7,67.5,No
EMP_1082,Sales,39,41901.73,4,34.0,62.5,No
EMP_1083,IT,41,108899.42,4,45.1,83.7,Yes
EMP_1084,Marketing,58,38624.04,2,43.4,87.0,Yes
EMP_1085,Marketing,39,42036.28,3,32.6,52.7,No
EMP_1086,IT,38,32866.22,4,42.8,83.7,Yes
EMP_1087,HR,30,30982.92,6,40.4,60.9,No
EMP_1088,Sales,35,59869.53,8,40.5,57.1,No
EMP_1089,Marketing,50,46911.2,5,41.7,67.7,No
EMP_1090,Sales,52,58601.15,2,38.2,84.9,Yes
EMP_1091,Marketing,25,33247.15,3,40.4,74.6,Yes
EMP_1092,HR,39,46964.64,6,41.2,74.2,Yes
EMP_1093,HR,41,35851.01,6,43.7,75.3,Yes
EMP_1094,IT,30,35177.02,9,32.4,77.0,No
EMP_1095,Sales,34,30231.86,5,46.5,68.3,No
EMP_1096,Sales,36,32793.08,3,34.2,79.5,Yes
EMP_1097,Sales,48,37400.07,6,43.8,60.1,No
EMP_1098,Sales,36,32485.86,4,40.4,79.8,Yes
EMP_1099,Finance,49,115172.75,5,33.6,82.9,Yes
EMP_1100,IT,58,37381.68,4,42.6,80.5,No
EMP_1101,Sales,40,32792.69,7,35.3,81.3,Yes
EMP_1102,Marketing,47,34439.94,9,45.3,77.0,No
EMP_1103,Marketing,47,47720.24,6,36.4,87.6,Yes
EMP_1104,Marketing,46,31323.73,5,32.5,35.9,No
EMP_1105,Marketing,47,69673.05,2,47.7,82.8,No
EMP_1106,Sales,47,95141.77,7,40.9,99.6,Yes
EMP_1107,IT,49,35667.09,2,44.3,60.7,Yes
EMP_1108,Finance,39,41960.2,5,35.7,59.0,No
EMP_1109,HR,53,30447.66,5,30.5,89.3,Yes
EMP_1110,Sales,24,50472.52,4,48.4,56.1,No
EMP_1111,Finance,23,40686.19,2,40.0,60.0,No
EMP_1112,Sales,54,36295.82,11,42.5,72.5,No
EMP_1113,Sales,40,34634.53,5,43.3,58.0,Yes
EMP_1114,IT,38,51227.66,8,38.3,83.1,Yes
EMP_1115,HR,54,40764.52,10,41.1,58.1,Yes
EMP_1116,HR,33,33960.71,10,48.0,75.4,Yes
EMP_1117,Sales,24,53366.26,5,39.8,74.3,Yes
EMP_1118,Marketing,47,46651.51,2,44.7,95.0,Yes
EMP_1119,IT,56,69133.44,7,30.0,87.5,Yes
EMP_1120,Sales,29,32499.38,7,45.6,62.1,Yes
EMP_1121,Marketing,57,60804.45,10,32.4,51.0,No
EMP_1122,Marketing,28,52387.53,3,45.0,82.6,Yes
EMP_1123,Marketing,57,32443.6,7,42.0,60.2,No
EMP_1124,Finance,37,53737.12,6,39.5,65.0,No
EMP_1125,HR,45,41651.71,2,39.5,54.1,No
EMP_1126,HR,22,88002.91,2,38.7,80.2,Yes
EMP_1127,Sales,46,33053.97,3,35.9,60.3,No
EMP_1128,IT,31,50591.06,4,39.0,69.5,No
EMP_1129,IT,37,39624.69,2,51.0,69.7,Yes
EMP_1130,IT,37,92845.09,9,46.5,72.8,Yes
EMP_1131,Finance,29,38008.8,7,35.6,79.9,Yes
EMP_1132,IT,50,95501.47,8,41.3,66.4,No
EMP_1133,Sales,49,76351.1,3,40.5,58.9,No
EMP_1134,Sales,27,36304.72,7,39.3,42.1,No
EMP_1135,HR,37,62546.11,3,35.0,71.5,No
EMP_1136,Sales,41,138542.12,10,42.2,67.6,No
EMP_1137,Marketing,37,35824.78,4,44.2,59.3,No
EMP_1138,IT,28,41481.6,7,35.8,70.9,Yes
EMP_1139,IT,35,44686.92,2,49.8,82.8,No
EMP_1140,HR,47,36989.2,2,47.6,86.7,Yes
EMP_1141,Finance,47,30307.65,5,42.7,47.0,No
EMP_1142,IT,35,34972.54,10,33.8,64.6,No
EMP_1143,HR,28,36623.96,6,42.0,84.4,No
EMP_1144,HR,54,41725.35,4,41.4,93.9,Yes
EMP_1145,IT,47,33753.17,1,42.6,57.7,No
EMP_1146,Marketing,41,71311.46,8,48.0,90.7,No
EMP_1147,Finance,24,54409.57,5,39.1,49.7,No
EMP_1148,HR,25,31781.01,3,50.2,87.2,Yes
EMP_1149,Marketing,47,51001.73,4,42.0,65.8,No
EMP_1150,Marketing,32,51206.48,3,38.5,93.4,Yes
EMP_1151,Finance,23,92572.1,3,52.0,63.0,No
EMP_1152,Finance,35,30060.51,4,44.1,65.4,Yes
EMP_1153,HR,51,35698.58,4,37.7,68.0,Yes
EMP_1154,HR,33,82563.94,5,40.4,46.9,No
EMP_1155,HR,47,83804.38,3,43.2,43.6,No
EMP_1156,Finance,54,55501.24,6,39.2,77.7,No
EMP_1157,Sales,34,59028.46,4,40.7,84.8,Yes
EMP_1158,Marketing,35,31918.83,6,35.9,79.1,No
EMP_1159,Marketing,45,44425.82,6,31.6,51.2,No
EMP_1160,Sales,55,35268.45,5,40.5,77.2,No
EMP_1161,Finance,47,33998.75,7,40.7,55.1,Yes
EMP_1162,Sales,42,63246.58,5,42.6,76.1,Yes
EMP_1163,IT,49,32901.4,6,37.1,87.0,Yes
EMP_1164,Finance,57,42646.75,4,33.3,75.5,Yes
EMP_1165,Sales,23,85799.82,8,35.2,92.0,Yes
EMP_1166,Finance,30,34111.77,11,45.3,67.8,No
EMP_1167,Finance,44,106328.28,6,36.7,66.8,Yes
EMP_1168,IT,36,133303.67,3,37.8,71.0,No
EMP_1169,Sales,34,46221.38,4,38.4,49.9,No
EMP_1170,IT,44,33730.03,8,36.9,64.0,No
EMP_1171,HR,38,37599.01,6,36.5,65.3,Yes
EMP_1172,Marketing,23,41050.07,5,35.6,65.7,Yes
EMP_1173,HR,41,37401.7,6,47.0,74.0,Yes
EMP_1174,IT,41,36587.74,4,43.4,47.8,No
EMP_1175,HR,24,101675.77,5,46.2,52.8,No
EMP_1176,IT,33,33329.71,14,47.2,87.0,Yes
EMP_1177,Finance,23,56434.71,4,28.3,39.9,No
EMP_1178,Sales,57,30008.21,6,41.7,79.2,No
EMP_1179,Finance,35,48135.85,2,37.1,64.4,No
EMP_1180,IT,37,79525.2,5,45.6,72.4,Yes
EMP_1181,Marketing,40,36791.7,5,36.3,93.4,Yes
EMP_1182,IT,55,34104.25,4,34.7,68.0,No
EMP_1183,HR,27,51092.66,3,32.8,79.4,No
EMP_1184,Marketing,34,54937.7,6,38.5,70.9,No
EMP_1185,Sales,57,53297.0,5,44.6,68.4,No
EMP_1186,Marketing,43,37693.17,7,41.3,66.5,No
EMP_1187,HR,39,35812.46,8,34.0,80.5,Yes
EMP_1188,Sales,33,92434.44,6,50.8,59.0,No
EMP_1189,IT,51,81356.94,5,43.2,53.0,No
EMP_1190,Finance,28,42224.58,8,43.9,71.1,No
EMP_1191,Sales,53,67441.25,9,46.4,72.9,No
EMP_1192,HR,40,42041.41,3,31.8,42.6,No
EMP_1193,IT,27,41046.46,5,35.4,69.8,Yes
EMP_1194,HR,41,33410.14,2,44.1,51.6,No
EMP_1195,Sales,48,41116.67,6,35.9,79.4,Yes
EMP_1196,Marketing,58,45418.58,9,38.6,42.9,No
EMP_1197,Marketing,28,30455.23,5,39.6,98.9,Yes
EMP_1198,Marketing,26,41743.81,7,33.6,64.9,No
EMP_1199,Finance,32,60406.23,7,38.2,57.0,No
EMP_1200,Sales,36,52791.56,3,44.6,65.8,No
EMP_1201,Finance,24,50165.76,5,43.6,78.3,Yes
EMP_1202,Sales,26,78060.36,5,45.6,83.4,Yes
EMP_1203,Sales,44,30363.93,4,45.0,65.9,Yes
EMP_1204,IT,58,46285.86,5,42.0,48.4,No
EMP_1205,IT,30,60962.04,4,41.6,51.8,No
EMP_1206,Finance,36,45588.72,8,41.3,74.3,Yes
EMP_1207,HR,24,37828.15,7,36.9,84.8,Yes
EMP_1208,IT,50,32929.45,6,34.9,86.8,Yes
EMP_1209,IT,27,73707.26,7,36.6,72.5,Yes
EMP_1210,Marketing,38,42726.36,10,38.4,84.5,Yes
EMP_1211,IT,47,72093.58,4,36.7,98.7,Yes
EMP_1212,IT,42,47630.64,9,42.1,87.9,Yes
EMP_1213,Sales,29,52428.95,9,41.0,83.8,Yes
EMP_1214,Finance,42,62619.48,9,41.5,57.9,Yes
EMP_1215,HR,32,51526.58,3,41.8,84.4,Yes
EMP_1216,Sales,59,40151.78,3,46.0,76.9,No
EMP_1217,Sales,29,44415.85,8,40.0,79.8,Yes
EMP_1218,HR,45,62495.65,6,45.0,88.9,No
EMP_1219,HR,56,39356.93,9,42.6,75.4,No
EMP_1220,IT,35,39824.43,2,45.6,68.5,No
EMP_1221,Marketing,35,32011.66,6,48.1,54.0,No
EMP_1222,Sales,31,79204.54,2,42.9,65.6,No
EMP_1223,IT,33,31909.0,9,40.5,73.2,Yes
EMP_1224,Marketing,59,50894.37,6,40.5,74.2,No
EMP_1225,IT,55,40661.24,1,37.6,73.7,Yes
EMP_1226,HR,31,40404.71,3,37.5,84.4,Yes
EMP_1227,IT,38,52760.7,4,44.5,83.0,Yes
EMP_1228,IT,38,31389.01,4,35.2,69.1,No
EMP_1229,Marketing,24,48013.55,6,48.1,57.3,No
EMP_1230,IT,52,59570.98,8,39.2,75.8,Yes
EMP_1231,Marketing,22,65229.97,5,54.3,100.0,Yes
EMP_1232,Sales,33,33739.38,11,36.5,74.8,Yes
EMP_1233,Sales,25,75542.06,9,41.3,65.6,No
EMP_1234,Sales,34,51350.77,5,38.2,78.0,Yes
EMP_1235,HR,55,72716.82,4,36.0,78.9,Yes
EMP_1236,IT,42,43282.67,3,45.3,78.8,Yes
EMP_1237,Marketing,43,45619.18,12,34.5,90.6,Yes
EMP_1238,IT,25,80275.58,5,36.6,75.8,No
EMP_1239,Marketing,39,76033.62,12,42.9,89.9,Yes
EMP_1240,Sales,26,41889.97,4,43.7,73.5,Yes
EMP_1241,Marketing,40,36415.48,5,33.0,92.7,Yes
EMP_1242,Finance,23,39990.15,3,42.9,88.1,Yes
EMP_1243,Finance,33,39812.76,3,40.6,83.8,Yes
EMP_1244,Finance,38,36761.74,5,35.4,81.8,No
EMP_1245,Finance,31,36255.34,3,36.1,100.0,Yes
EMP_1246,HR,55,69474.68,8,29.8,86.1,Yes
EMP_1247,Sales,27,31448.44,6,48.6,57.3,Yes
EMP_1248,Sales,29,52639.94,4,45.1,73.7,Yes
EMP_1249,Marketing,32,33794.66,2,33.6,66.0,No
EMP_1250,HR,33,38447.32,8,44.0,100.0,Yes
EMP_1251,Finance,30,31270.37,7,37.1,88.8,Yes
EMP_1252,IT,23,36293.49,3,44.6,100.0,Yes
EMP_1253,Sales,29,59256.69,3,37.5,58.6,No
EMP_1254,Sales,32,73259.13,8,38.2,86.5,No
EMP_1255,HR,57,35008.42,5,38.6,49.5,No
EMP_1256,IT,31,42455.56,6,36.7,46.1,No
EMP_1257,Sales,42,42709.8,9,47.0,64.0,No
EMP_1258,IT,41,71362.17,4,44.5,92.7,Yes
EMP_1259,Sales,29,58776.95,5,40.5,55.1,No
EMP_1260,HR,57,44392.99,6,45.1,69.7,Yes
EMP_1261,IT,50,52218.59,7,31.9,87.8,Yes
EMP_1262,Finance,33,67592.81,3,33.9,82.7,No
EMP_1263,IT,35,30191.69,4,42.4,100.0,Yes
EMP_1264,IT,42,40313.08,4,43.7,70.1,No
EMP_1265,Sales,43,77555.48,1,41.4,63.4,Yes
EMP_1266,Sales,42,56965.57,5,30.6,53.6,No
EMP_1267,IT,51,45654.5,4,34.7,64.5,Yes
EMP_1268,IT,41,45085.33,1,42.1,53.4,No
EMP_1269,HR,45,38547.16,3,52.1,43.1,No
EMP_1270,IT,44,44701.08,7,46.1,99.5,Yes
EMP_1271,HR,28,51306.44,0,47.9,70.7,Yes
EMP_1272,Marketing,30,40838.18,9,41.7,100.0,Yes
EMP_1273,Finance,22,55045.98,5,41.7,57.4,No
EMP_1274,Sales,47,69499.07,4,34.8,63.6,Yes
EMP_1275,IT,59,33360.92,0,44.8,58.4,No
EMP_1276,Sales,59,42013.07,6,39.6,60.4,No
EMP_1277,Sales,43,40485.65,6,43.5,83.1,Yes
EMP_1278,Marketing,31,53260.76,2,40.2,78.5,No
EMP_1279,Sales,27,35750.11,3,41.4,83.1,Yes
EMP_1280,IT,38,50446.97,5,39.6,90.1,Yes
EMP_1281,HR,59,71991.13,7,41.1,86.6,Yes
EMP_1282,Finance,45,40830.22,5,45.0,54.9,No
EMP_1283,HR,31,78385.91,5,33.7,62.1,No
EMP_1284,Sales,29,129710.29,6,32.5,71.8,No
EMP_1285,IT,42,32243.05,3,42.1,100.0,Yes
EMP_1286,IT,27,35306.76,5,47.2,81.6,Yes
EMP_1287,Sales,42,90067.13,4,48.5,71.6,Yes
EMP_1288,IT,45,93558.37,3,33.9,80.1,Yes
EMP_1289,Sales,54,32056.33,7,38.0,61.0,No
EMP_1290,Sales,39,30302.24,4,32.6,73.9,Yes
EMP_1291,IT,49,33513.28,7,37.2,84.3,No
EMP_1292,Sales,53,140493.24,6,45.6,69.6,No
EMP_1293,HR,33,33969.01,4,39.9,58.7,No
EMP_1294,HR,48,43965.11,4,38.1,68.8,Yes
EMP_1295,Finance,31,67732.53,3,42.7,65.2,No
EMP_1296,Sales,53,30412.25,5,36.0,49.6,Yes
EMP_1297,Sales,47,48551.53,4,48.0,61.4,No
EMP_1298,Sales,46,36487.63,10,40.0,49.1,No
EMP_1299,HR,32,69658.63,8,38.0,51.4,No
EMP_1300,Finance,44,36666.46,2,42.9,52.9,No
EMP_1301,Sales,55,53215.44,3,44.7,84.3,No
EMP_1302,Marketing,44,52430.64,7,48.0,92.3,Yes
EMP_1303,Sales,50,35007.56,4,39.0,47.0,No
EMP_1304,IT,52,30708.38,6,45.4,93.7,No
EMP_1305,Finance,28,40527.23,4,40.5,53.1,No
EMP_1306,Marketing,54,36827.09,5,36.9,81.2,No
EMP_1307,Finance,42,63107.31,5,36.1,73.9,No
EMP_1308,Finance,23,62225.21,9,34.5,79.5,No
EMP_1309,IT,39,42213.8,4,36.3,52.5,No
EMP_1310,Finance,54,48654.11,1,45.6,42.8,No
EMP_1311,Sales,58,48539.93,4,43.5,58.0,No
EMP_1312,Marketing,55,65107.57,6,33.8,76.4,Yes
EMP_1313,IT,41,41067.79,3,31.3,99.4,Yes
EMP_1314,Finance,56,36444.0,4,34.4,54.6,No
EMP_1315,IT,39,36158.65,10,36.1,68.5,No
EMP_1316,HR,45,45365.7,9,38.5,58.8,No
EMP_1317,IT,29,41925.79,6,45.9,69.7,Yes
EMP_1318,Finance,51,41600.68,7,37.3,41.0,No
EMP_1319,Sales,31,31911.23,0,48.4,92.5,Yes
EMP_1320,Sales,44,55359.83,6,31.6,70.4,No
EMP_1321,Sales,32,34809.27,2,38.3,83.8,No
EMP_1322,Sales,23,34386.86,3,43.9,66.5,No
EMP_1323,Marketing,47,40646.38,13,44.2,72.9,No
EMP_1324,Sales,57,35169.67,5,38.3,86.9,Yes
EMP_1325,Marketing,54,47534.59,2,45.0,72.0,Yes
EMP_1326,IT,34,39287.22,6,44.1,72.5,No
EMP_1327,Sales,46,41917.21,6,36.6,58.1,Yes
EMP_1328,Finance,25,45407.88,4,41.6,62.0,No
EMP_1329,HR,40,34551.45,8,43.5,54.8,No
EMP_1330,IT,39,33386.17,10,36.9,58.9,No
EMP_1331,HR,58,72475.71,9,48.5,88.8,Yes
EMP_1332,Finance,51,41373.46,4,35.8,97.1,Yes
EMP_1333,Sales,40,40623.75,3,40.7,51.3,No
EMP_1334,Marketing,44,30725.23,6,33.8,75.9,No
EMP_1335,Marketing,37,43782.16,7,40.5,65.2,Yes
EMP_1336,HR,22,46156.34,5,34.7,91.0,Yes
EMP_1337,Sales,33,46366.99,4,38.5,72.0,No
EMP_1338,HR,45,54553.78,6,32.1,69.9,Yes
EMP_1339,Sales,55,33907.69,5,44.0,58.8,No
EMP_1340,Sales,29,35813.01,5,41.8,47.0,No
EMP_1341,IT,39,63291.66,1,45.4,81.4,Yes
EMP_1342,IT,26,88813.75,6,38.3,75.3,Yes
EMP_1343,Marketing,47,32922.09,4,45.7,75.7,Yes
EMP_1344,Finance,51,43769.15,4,40.2,61.0,No
EMP_1345,Finance,34,34820.46,2,40.6,67.8,Yes
EMP_1346,IT,40,31239.06,5,50.6,81.9,Yes
EMP_1347,IT,50,37875.77,4,37.6,84.7,Yes
EMP_1348,IT,24,33102.4,9,46.1,52.3,No
EMP_1349,Marketing,47,54752.87,4,42.4,60.5,No
EMP_1350,Sales,33,45259.61,0,37.1,49.2,No
EMP_1351,Marketing,23,33105.83,11,33.4,73.0,No
EMP_1352,HR,32,30185.69,8,34.8,83.3,Yes
EMP_1353,IT,49,63021.56,7,45.7,65.8,No
EMP_1354,Finance,39,33876.41,6,48.7,60.1,No
EMP_1355,IT,34,48639.09,3,40.5,65.0,Yes
EMP_1356,Marketing,58,38217.25,5,40.7,100.0,Yes
EMP_1357,Marketing,43,47612.97,6,43.9,87.9,Yes
EMP_1358,IT,33,37585.82,3,40.4,81.0,No
EMP_1359,IT,23,31819.06,5,45.5,74.8,No
EMP_1360,HR,58,35045.01,8,41.5,69.8,No
EMP_1361,Marketing,28,34166.54,6,40.7,56.4,No
EMP_1362,Sales,47,41173.0,7,36.5,54.1,No
EMP_1363,HR,47,51475.49,4,35.3,61.5,No
EMP_1364,HR,45,36125.23,3,24.2,55.7,No
EMP_1365,Finance,33,30242.87,8,46.2,60.9,No
EMP_1366,Sales,37,44635.16,1,39.3,68.5,Yes
EMP_1367,Finance,44,48615.88,5,38.0,69.6,Yes
EMP_1368,Marketing,30,95866.87,6,30.2,60.7,Yes
EMP_1369,Sales,53,47806.16,5,36.8,77.4,No
EMP_1370,Sales,36,42741.86,5,36.1,67.2,No
EMP_1371,Marketing,58,47038.25,5,36.0,73.2,Yes
EMP_1372,Sales,34,82594.2,5,41.7,58.8,Yes
EMP_1373,Marketing,26,65249.23,6,40.6,80.4,Yes
EMP_1374,IT,32,37801.05,5,33.2,62.0,No
EMP_1375,Sales,31,35416.61,5,33.5,94.1,Yes
EMP_1376,Marketing,34,36093.41,8,33.5,66.6,No
EMP_1377,IT,36,44040.57,3,49.1,68.6,No
EMP_1378,IT,28,57255.42,5,47.5,78.9,Yes
EMP_1379,IT,49,43992.13,3,35.7,82.2,Yes
EMP_1380,HR,53,31404.08,3,30.1,83.8,No
EMP_1381,Sales,56,55716.73,7,40.6,96.6,Yes
EMP_1382,IT,36,62794.86,4,40.2,79.9,Yes
EMP_1383,Marketing,57,36835.67,4,41.6,69.0,Yes
EMP_1384,IT,42,51820.37,2,43.7,62.1,No
EMP_1385,HR,27,41123.15,6,42.3,68.0,Yes
EMP_1386,IT,22,73986.02,3,34.4,92.3,No
EMP_1387,Finance,25,67315.73,7,41.5,49.2,No
EMP_1388,Sales,32,44907.01,7,44.3,57.7,No
EMP_1389,Marketing,47,53521.03,8,36.4,66.7,No
EMP_1390,IT,58,72971.49,6,41.5,57.5,No
EMP_1391,Sales,44,43692.35,7,37.2,63.9,No
EMP_1392,Sales,50,37515.72,4,50.0,97.1,Yes
EMP_1393,Sales,42,58021.35,7,33.4,65.5,Yes
EMP_1394,IT,48,34970.93,2,45.8,76.2,No
EMP_1395,IT,34,39837.83,5,31.6,45.1,No
EMP_1396,Finance,44,70157.64,3,49.0,53.5,No
EMP_1397,IT,37,55777.72,7,34.3,84.0,Yes
EMP_1398,Sales,51,40343.95,5,40.9,95.0,No
EMP_1399,HR,25,34834.92,7,31.9,73.3,Yes
EMP_1400,Finance,37,38800.15,9,33.3,65.4,No
EMP_1401,Sales,52,36684.41,6,44.5,77.4,No
EMP_1402,Sales,46,33873.86,5,45.1,31.0,No
EMP_1403,Sales,33,57199.51,7,41.2,73.4,No
EMP_1404,Finance,47,35808.91,1,43.7,54.3,No
EMP_1405,HR,58,42108.86,3,45.2,81.9,Yes
EMP_1406,IT,54,39750.63,3,36.6,37.1,No
EMP_1407,Finance,49,110433.83,11,33.0,60.6,Yes
EMP_1408,Finance,30,39921.77,4,39.9,69.4,No
EMP_1409,HR,33,31667.25,2,37.1,58.6,No
EMP_1410,Marketing,26,31882.38,5,41.9,64.4,No
EMP_1411,Sales,49,47868.76,7,42.7,83.6,No
EMP_1412,Sales,56,48294.02,2,36.6,69.6,No
EMP_1413,IT,26,40851.8,5,43.5,56.0,No
EMP_1414,Sales,55,41307.17,2,43.3,84.1,No
EMP_1415,IT,55,31108.83,1,43.6,73.8,No
EMP_1416,Marketing,34,44536.0,6,38.0,74.4,No
EMP_1417,Sales,35,44053.43,4,43.9,56.6,No
EMP_1418,Sales,32,33239.78,7,42.6,31.8,No
EMP_1419,IT,59,32192.71,7,43.2,56.4,No
EMP_1420,Marketing,25,32638.03,6,48.4,54.9,No
EMP_1421,IT,54,32130.07,6,41.6,60.8,No
EMP_1422,IT,28,48817.21,6,37.0,57.4,No
EMP_1423,Sales,29,34375.13,7,34.4,71.7,Yes
EMP_1424,Sales,58,35791.82,4,45.6,83.2,Yes
EMP_1425,Marketing,31,33812.85,9,41.8,86.1,Yes
EMP_1426,Marketing,36,93323.44,4,48.4,82.6,Yes
EMP_1427,Sales,59,68567.74,6,29.9,56.5,No
EMP_1428,Marketing,36,35240.15,7,44.6,70.9,Yes
EMP_1429,HR,26,37937.04,4,38.7,93.5,Yes
EMP_1430,Marketing,50,34711.73,6,38.2,46.2,No
EMP_1431,IT,40,43540.59,2,36.2,90.2,Yes
EMP_1432,IT,31,30396.11,6,44.5,55.1,No
EMP_1433,IT,33,52256.33,4,43.1,74.4,Yes
EMP_1434,HR,25,44811.41,3,34.3,76.2,Yes
EMP_1435,Sales,52,75781.32,3,40.8,72.8,Yes
EMP_1436,Sales,39,33591.93,5,43.5,100.0,No
EMP_1437,IT,37,62603.96,3,40.9,65.5,No
EMP_1438,Finance,57,61400.6,4,45.5,45.4,No
EMP_1439,Sales,46,32720.55,3,38.5,75.3,Yes
EMP_1440,HR,44,40168.54,6,28.7,67.4,No
EMP_1441,Marketing,33,33730.27,9,40.9,78.3,No
EMP_1442,Sales,55,35879.92,5,40.9,83.2,Yes
EMP_1443,HR,57,36110.03,6,41.6,69.5,No
EMP_1444,IT,58,46249.27,4,45.5,76.5,No
EMP_1445,Marketing,24,40600.54,3,30.2,72.2,Yes
EMP_1446,Sales,30,89027.73,9,38.8,96.9,Yes
EMP_1447,HR,39,32701.97,3,35.4,64.4,No
EMP_1448,Finance,56,102757.75,9,34.0,59.7,No
EMP_1449,Marketing,55,35243.89,4,39.6,83.2,No
EMP_1450,HR,35,59645.0,8,43.5,56.1,No
EMP_1451,IT,25,38279.12,3,41.5,75.9,Yes
EMP_1452,HR,50,33088.25,3,36.6,67.5,No
EMP_1453,Marketing,36,69022.96,5,39.3,68.5,No
EMP_1454,HR,49,37388.28,8,44.6,100.0,Yes
EMP_1455,Sales,37,51508.98,3,43.4,88.5,Yes
EMP_1456,Marketing,33,46714.67,4,37.2,85.3,Yes
EMP_1457,HR,26,42763.95,8,36.9,78.0,No
EMP_1458,HR,55,43696.42,3,31.4,59.6,No
EMP_1459,Sales,22,56353.13,3,37.9,73.9,No
EMP_1460,HR,53,31837.33,2,31.3,78.7,No
EMP_1461,IT,47,52063.29,7,50.3,73.0,Yes
EMP_1462,HR,38,75231.19,2,35.7,71.4,No
EMP_1463,Sales,48,31190.5,6,45.5,64.0,No
EMP_1464,HR,45,33031.66,5,49.1,74.1,No
EMP_1465,Marketing,56,55220.17,6,41.1,62.1,No
EMP_1466,Sales,47,41499.52,2,39.5,80.6,No
EMP_1467,Marketing,59,40335.15,10,33.4,39.8,No
EMP_1468,IT,44,32946.04,3,37.5,90.4,No
EMP_1469,Marketing,43,44135.6,6,48.0,50.3,No
EMP_1470,Finance,25,32705.98,5,41.8,54.0,No
EMP_1471,HR,30,42948.97,7,40.1,76.1,No
EMP_1472,Finance,25,58845.89,6,46.6,78.1,No
EMP_1473,Marketing,28,35975.25,7,43.5,100.0,Yes
EMP_1474,IT,44,43108.79,4,39.3,74.4,No
EMP_1475,IT,23,126606.24,7,41.1,69.4,No
EMP_1476,HR,45,53208.72,2,36.2,72.9,Yes
EMP_1477,Finance,52,66821.95,6,37.2,93.9,No
EMP_1478,Finance,52,40717.66,7,39.0,100.0,No
EMP_1479,Finance,55,59208.37,5,42.8,67.2,No
EMP_1480,IT,45,30827.05,4,33.8,78.1,Yes
EMP_1481,Finance,47,32622.94,5,40.4,68.9,No
EMP_1482,Sales,37,34539.78,2,38.1,68.6,No
EMP_1483,IT,34,40281.68,8,35.5,98.2,Yes
EMP_1484,Sales,36,67382.95,5,38.1,56.1,No
EMP_1485,IT,48,38501.1,6,28.4,35.0,No
EMP_1486,IT,25,51262.27,5,36.2,74.8,No
EMP_1487,IT,37,54710.25,6,34.5,88.0,Yes
EMP_1488,HR,51,47646.6,8,38.6,73.3,Yes
EMP_1489,IT,51,38839.74,7,28.6,77.5,No
EMP_1490,IT,57,47210.18,0,41.0,81.3,No
EMP_1491,Sales,24,38379.08,4,44.5,71.7,Yes
EMP_1492,IT,43,31752.02,7,39.4,78.3,Yes
EMP_1493,Sales,43,128684.54,7,42.5,78.1,No
EMP_1494,Sales,33,32720.57,2,37.4,40.6,No
EMP_1495,HR,42,31501.98,3,32.2,71.7,Yes
EMP_1496,HR,25,72161.88,9,40.0,46.4,No
EMP_1497,HR,52,37185.99,7,43.4,69.4,No
EMP_1498,IT,52,51013.42,8,33.4,62.6,No
EMP_1499,IT,44,37979.89,4,37.7,85.5,No
EMP_1500,Marketing,41,39933.66,2,38.8,73.7,No
EMP_1501,IT,36,36079.29,6,54.3,77.1,No
EMP_1502,IT,44,38402.76,2,41.1,67.1,No
EMP_1503,Sales,49,40576.41,4,30.5,85.8,Yes
EMP_1504,IT,37,55489.05,9,29.2,46.0,No
EMP_1505,IT,58,44329.8,4,43.7,56.6,No
EMP_1506,IT,42,87493.39,3,52.4,89.3,Yes
EMP_1507,HR,36,30855.65,4,38.6,63.5,Yes
EMP_1508,IT,38,43986.05,2,38.3,37.8,No
EMP_1509,HR,58,47552.21,7,42.2,91.8,Yes
EMP_1510,Finance,34,80563.88,7,36.0,86.2,Yes
EMP_1511,Finance,40,31008.16,2,27.3,80.7,Yes
EMP_1512,Finance,51,47042.84,4,45.2,71.4,Yes
EMP_1513,Marketing,39,68432.34,4,36.9,94.9,Yes
EMP_1514,Sales,35,35539.53,5,45.3,88.9,Yes
EMP_1515,Sales,57,71796.68,6,36.2,93.2,Yes
EMP_1516,Sales,57,30384.54,6,40.6,80.4,Yes
EMP_1517,HR,41,56369.32,8,44.3,71.8,No
EMP_1518,Marketing,40,84095.08,4,45.4,64.0,Yes
EMP_1519,Sales,28,51412.03,1,41.2,51.0,Yes
EMP_1520,Marketing,25,41561.73,4,40.9,77.5,No
EMP_1521,Sales,55,30918.39,6,43.1,78.8,No
EMP_1522,Marketing,23,80543.05,3,42.3,64.8,No
EMP_1523,IT,26,42708.75,4,33.5,79.2,Yes
EMP_1524,Sales,31,30588.51,1,33.6,65.0,Yes
EMP_1525,IT,53,53412.12,7,29.5,83.0,No
EMP_1526,IT,34,43149.32,2,43.8,56.8,No
EMP_1527,IT,26,32655.67,9,38.0,54.2,No
EMP_1528,IT,31,34822.89,6,44.1,66.4,No
EMP_1529,Finance,31,31333.28,5,42.0,82.4,No
EMP_1530,IT,59,47080.1,10,35.0,52.6,No
EMP_1531,IT,48,49458.78,7,39.4,85.7,Yes
EMP_1532,HR,42,44093.96,5,37.7,45.4,No
EMP_1533,Finance,29,63976.55,4,37.0,66.3,No
EMP_1534,IT,22,69466.9,11,44.6,48.8,No
EMP_1535,IT,49,49122.7,4,52.6,30.9,No
EMP_1536,Sales,35,30256.77,3,45.6,75.5,Yes
EMP_1537,Sales,42,53763.94,1,39.9,67.3,No
EMP_1538,HR,51,40825.67,7,46.3,49.0,No
EMP_1539,Sales,42,46673.83,5,48.6,62.3,Yes
EMP_1540,IT,30,50943.97,7,33.0,76.6,No
EMP_1541,Finance,38,38622.94,5,46.1,64.5,No
EMP_1542,Sales,26,79802.04,2,43.8,67.0,No
EMP_1543,HR,52,32876.83,5,45.9,64.0,No
EMP_1544,IT,59,52265.09,9,44.1,61.3,Yes
EMP_1545,Marketing,40,30087.38,11,38.9,61.1,Yes
EMP_1546,IT,57,81712.52,6,50.2,60.6,No
EMP_1547,Finance,54,32387.03,6,41.7,58.7,No
EMP_1548,HR,34,31993.85,3,37.8,54.7,Yes
EMP_1549,Sales,35,38099.53,8,42.5,64.3,No
EMP_1550,HR,54,39354.25,3,44.9,60.4,No
EMP_1551,Marketing,50,34823.61,8,40.5,53.9,No
EMP_1552,HR,57,47595.4,7,42.0,81.5,Yes
EMP_1553,Finance,31,41700.72,6,40.4,88.5,No
EMP_1554,Marketing,52,30695.46,6,36.7,70.0,Yes
EMP_1555,Sales,27,37703.02,3,35.9,71.0,Yes
EMP_1556,Sales,22,63260.25,7,33.0,59.6,No
EMP_1557,HR,28,53404.41,4,47.6,86.0,No
EMP_1558,IT,48,55810.29,4,38.9,96.1,Yes
EMP_1559,Finance,42,53954.31,10,22.9,67.5,No
EMP_1560,Marketing,49,37449.5,6,42.0,62.2,No
EMP_1561,IT,37,32099.74,2,41.9,75.1,Yes
EMP_1562,Sales,44,36361.92,4,30.7,71.9,No
EMP_1563,Finance,41,65650.28,3,35.8,62.5,No
EMP_1564,IT,59,108716.89,9,35.6,77.1,Yes
EMP_1565,Finance,46,43618.33,6,36.3,84.1,No
EMP_1566,IT,49,30194.95,3,46.1,58.2,No
EMP_1567,HR,26,33017.5,7,39.3,100.0,Yes
EMP_1568,Sales,42,37774.54,5,37.9,47.0,No
EMP_1569,HR,39,47282.76,7,45.6,57.2,No
EMP_1570,IT,27,31561.26,7,42.5,73.5,No
EMP_1571,HR,50,87419.84,2,31.3,100.0,Yes
EMP_1572,Sales,40,39085.24,7,36.9,61.6,No
EMP_1573,Finance,54,78741.59,3,41.6,54.0,No
EMP_1574,Marketing,22,60330.05,7,35.3,78.2,No
EMP_1575,Sales,24,58165.67,5,50.1,66.3,No
EMP_1576,Sales,42,48664.65,8,40.6,80.0,Yes
EMP_1577,Sales,56,49711.95,3,36.2,68.9,No
EMP_1578,HR,24,50322.4,7,34.4,57.1,No
EMP_1579,HR,46,49816.05,4,44.6,100.0,Yes
EMP_1580,IT,59,46136.54,3,36.8,25.7,No
EMP_1581,Sales,41,115974.34,3,41.9,97.3,Yes
EMP_1582,IT,55,56357.06,2,34.2,84.0,Yes
EMP_1583,HR,42,60006.86,9,40.4,58.8,No
EMP_1584,IT,44,71186.95,10,36.8,98.1,Yes
EMP_1585,Marketing,27,34857.74,7,38.4,49.4,No
EMP_1586,Sales,34,31750.5,7,36.0,85.1,Yes
EMP_1587,HR,44,43190.16,4,45.1,38.8,No
EMP_1588,IT,30,44434.25,4,37.5,52.8,No
EMP_1589,IT,38,65343.11,5,39.3,52.8,No
EMP_1590,Finance,23,41731.96,3,39.5,58.7,No
EMP_1591,HR,40,46919.12,7,48.1,70.2,Yes
EMP_1592,Marketing,40,44976.2,4,44.5,57.6,No
EMP_1593,Sales,28,30779.03,4,44.0,39.5,No
EMP_1594,Sales,41,49101.41,4,32.1,77.0,Yes
EMP_1595,Finance,30,65210.25,8,36.7,70.7,Yes
EMP_1596,HR,38,33427.65,5,45.9,76.1,No
EMP_1597,IT,48,48044.39,3,34.1,72.6,Yes
EMP_1598,Sales,23,48008.87,11,40.4,84.3,Yes
EMP_1599,Sales,57,33586.96,7,34.7,68.9,Yes
EMP_1600,Marketing,40,32635.54,5,35.2,85.2,No
EMP_1601,Sales,38,108292.47,6,48.4,58.4,No
EMP_1602,IT,26,40008.24,2,43.6,59.2,Yes
EMP_1603,Sales,39,35160.44,1,44.9,90.6,No
EMP_1604,IT,28,33758.53,3,43.9,90.3,No
EMP_1605,Sales,38,52028.43,5,39.3,78.6,Yes
EMP_1606,IT,57,48803.74,7,36.5,56.7,No
EMP_1607,Sales,25,50631.35,3,38.0,55.5,No
EMP_1608,Finance,59,31842.44,4,39.0,89.9,Yes
EMP_1609,Sales,46,74798.7,2,48.9,89.1,Yes
EMP_1610,IT,26,39861.89,5,33.3,69.0,Yes
EMP_1611,Marketing,51,37519.18,2,37.2,100.0,Yes
EMP_1612,HR,33,42411.38,5,35.4,76.9,Yes
EMP_1613,IT,25,39888.09,7,45.3,53.4,No
EMP_1614,IT,45,69839.9,3,49.3,65.9,Yes
EMP_1615,IT,50,82975.16,6,41.5,70.1,No
EMP_1616,HR,30,37232.41,3,42.0,71.3,Yes
EMP_1617,Marketing,25,69892.57,10,40.5,88.8,Yes
EMP_1618,HR,45,60421.5,5,42.2,55.7,Yes
EMP_1619,HR,35,83417.31,3,43.9,50.0,No
EMP_1620,Finance,26,35640.64,7,42.1,79.0,Yes
EMP_1621,IT,39,47205.73,3,42.5,62.4,No
EMP_1622,Sales,40,36419.11,5,43.9,100.0,Yes
EMP_1623,HR,33,64756.17,4,31.1,84.1,Yes
EMP_1624,Marketing,39,30106.77,7,40.0,62.1,No
EMP_1625,Sales,38,46639.87,4,41.5,88.2,Yes
EMP_1626,HR,51,38286.18,4,42.1,81.0,Yes
EMP_1627,Sales,45,37792.34,3,39.1,79.5,No
EMP_1628,IT,32,50707.47,6,40.8,68.2,Yes
EMP_1629,Sales,56,68141.31,10,36.4,76.3,Yes
EMP_1630,IT,44,48790.95,3,31.1,38.5,No
EMP_1631,Finance,38,68370.0,5,44.9,89.8,Yes
EMP_1632,IT,22,36146.74,4,34.3,18.5,No
EMP_1633,HR,36,44658.64,5,39.2,63.4,No
EMP_1634,Finance,53,41976.26,2,36.3,46.1,No
EMP_1635,Marketing,30,30234.26,3,47.9,62.5,No
EMP_1636,Sales,36,46275.23,4,39.6,68.9,Yes
EMP_1637,IT,49,51666.06,6,38.4,52.0,No
EMP_1638,Sales,45,47925.57,7,43.7,28.4,No
EMP_1639,Marketing,56,56657.34,4,50.8,73.1,Yes
EMP_1640,Marketing,43,46941.8,7,42.0,100.0,Yes
EMP_1641,IT,48,31381.65,4,38.1,64.7,Yes
EMP_1642,Finance,40,32476.05,5,43.5,84.4,Yes
EMP_1643,IT,33,48150.32,6,32.1,92.6,Yes
EMP_1644,HR,41,36431.1,9,40.2,41.5,No
EMP_1645,Sales,22,31659.92,3,50.0,63.1,No
EMP_1646,Finance,42,41228.44,9,40.8,50.9,No
EMP_1647,Sales,22,46163.2,6,40.5,57.9,No
EMP_1648,Finance,31,37972.15,2,40.1,95.5,Yes
EMP_1649,Finance,53,55490.32,9,38.0,73.4,No
EMP_1650,Finance,43,50643.61,4,41.6,81.8,Yes
EMP_1651,Sales,39,38093.86,5,43.9,69.3,Yes
EMP_1652,IT,53,58119.54,5,38.3,51.8,No
EMP_1653,IT,48,50922.01,4,27.5,80.2,Yes
EMP_1654,IT,49,50291.6,3,42.3,88.8,Yes
EMP_1655,Sales,39,46123.08,5,50.7,74.8,Yes
EMP_1656,Marketing,50,30229.1,4,38.1,77.3,No
EMP_1657,HR,39,53847.95,3,32.6,51.5,No
EMP_1658,IT,29,39433.44,5,43.4,80.6,Yes
EMP_1659,IT,52,87157.6,6,48.7,90.2,Yes
EMP_1660,IT,55,64073.3,9,42.6,76.1,No
EMP_1661,HR,28,47719.81,3,48.6,43.0,No
EMP_1662,IT,57,35811.91,5,44.0,94.5,Yes
EMP_1663,Marketing,39,34556.02,7,43.5,55.8,No
EMP_1664,IT,59,38321.97,5,37.4,75.8,Yes
EMP_1665,Marketing,30,42946.96,2,41.4,84.3,No
EMP_1666,Marketing,30,37021.4,5,39.9,86.2,Yes
EMP_1667,Sales,29,44469.22,7,39.7,43.0,No
EMP_1668,Marketing,56,33615.35,8,38.7,71.8,No
EMP_1669,Sales,39,106074.87,2,41.1,70.8,No
EMP_1670,Finance,26,32284.09,3,33.5,91.6,Yes
EMP_1671,IT,35,83748.53,6,44.1,76.9,No
EMP_1672,Marketing,49,78970.26,3,35.6,91.7,No
EMP_1673,Marketing,51,44903.99,6,38.7,78.1,No
EMP_1674,Finance,25,55813.16,10,41.7,68.9,Yes
EMP_1675,Finance,41,41455.73,2,35.4,72.9,Yes
EMP_1676,IT,46,49886.91,6,30.2,92.9,Yes
EMP_1677,Sales,49,38327.77,5,38.1,50.5,No
EMP_1678,IT,33,37166.64,3,32.8,83.6,Yes
EMP_1679,Sales,23,47265.89,4,43.6,60.6,No
EMP_1680,HR,35,43788.27,5,34.2,57.4,No
EMP_1681,IT,43,47327.95,5,47.4,85.4,Yes
EMP_1682,Marketing,52,36755.96,9,40.0,56.8,No
EMP_1683,HR,44,39144.36,6,40.3,75.7,No
EMP_1684,Finance,41,31752.55,4,30.1,62.7,Yes
EMP_1685,Sales,59,31073.85,3,40.7,34.6,No
EMP_1686,Marketing,25,35846.04,4,39.6,77.2,No
EMP_1687,Marketing,36,31542.95,2,33.5,71.9,Yes
EMP_1688,IT,45,32191.27,5,40.4,41.3,No
EMP_1689,HR,46,63525.28,4,38.0,59.5,Yes
EMP_1690,Finance,22,30792.99,2,38.9,42.9,No
EMP_1691,Sales,28,51514.1,5,40.1,81.0,Yes
EMP_1692,IT,52,36364.41,11,37.6,90.8,No
EMP_1693,IT,33,71043.64,4,41.2,82.7,No
EMP_1694,Sales,26,43271.47,6,39.6,84.8,Yes
EMP_1695,IT,59,37293.46,2,42.4,62.2,No
EMP_1696,Sales,33,44581.25,4,37.4,78.2,No
EMP_1697,Sales,39,39623.98,9,34.7,69.9,No
EMP_1698,Sales,23,46616.08,2,36.5,72.8,No
EMP_1699,Marketing,31,32432.8,5,47.2,84.4,No
EMP_1700,IT,36,146119.65,4,44.8,87.6,Yes
EMP_1701,Marketing,51,41087.05,5,46.1,64.2,No
EMP_1702,IT,38,38561.29,3,46.4,48.9,No
EMP_1703,IT,25,54771.96,4,37.7,67.2,Yes
EMP_1704,IT,28,39047.97,5,41.5,66.7,No
EMP_1705,IT,52,65828.11,7,40.4,74.3,No
EMP_1706,Sales,55,42112.65,6,43.3,82.5,No
EMP_1707,HR,27,55427.8,5,38.6,41.3,No
EMP_1708,Sales,59,32273.53,7,40.5,59.9,No
EMP_1709,HR,55,67431.54,5,40.4,55.5,No
EMP_1710,HR,36,56614.77,9,42.7,88.8,Yes
EMP_1711,Sales,35,34757.96,5,43.3,66.9,No
EMP_1712,Sales,27,33139.77,5,40.5,62.3,Yes
EMP_1713,Finance,58,37604.5,8,40.6,78.1,No
EMP_1714,IT,53,104652.94,4,41.1,61.1,No
EMP_1715,Sales,24,35936.65,2,48.2,69.8,No
EMP_1716,Marketing,24,42180.8,5,31.4,97.2,Yes
EMP_1717,Sales,43,30609.6,3,35.2,96.8,Yes
EMP_1718,HR,43,40124.31,2,43.4,63.9,No
EMP_1719,Marketing,31,46940.89,5,41.3,67.3,No
EMP_1720,Sales,24,91205.25,8,41.3,60.7,No
EMP_1721,Sales,33,44543.85,3,43.3,41.1,Yes
EMP_1722,Sales,50,64197.03,4,41.1,85.5,Yes
EMP_1723,IT,38,45842.9,11,37.2,100.0,Yes
EMP_1724,Sales,28,30832.8,4,43.1,63.3,No
EMP_1725,HR,34,37566.97,7,40.1,57.7,No
EMP_1726,Sales,23,47139.2,1,37.8,65.9,Yes
EMP_1727,IT,25,90153.65,3,43.5,71.3,Yes
EMP_1728,Marketing,31,69198.41,2,43.3,53.0,No
EMP_1729,Finance,45,35184.63,6,41.1,63.1,Yes
EMP_1730,HR,38,34972.04,3,48.6,85.2,Yes
EMP_1731,IT,27,34492.22,5,46.6,71.9,No
EMP_1732,HR,40,81149.26,8,45.0,89.1,Yes
EMP_1733,IT,26,68301.08,8,52.8,75.5,No
EMP_1734,IT,53,59822.74,2,39.3,53.7,No
EMP_1735,Sales,31,39975.8,6,37.7,61.4,No
EMP_1736,Marketing,30,44038.94,7,44.3,73.7,No
EMP_1737,IT,48,42484.8,3,38.7,53.2,No
EMP_1738,Sales,34,35844.46,4,40.1,51.2,No
EMP_1739,IT,40,44065.08,8,35.1,52.1,No
EMP_1740,IT,42,30619.42,6,43.0,77.7,Yes
EMP_1741,Finance,45,32826.9,5,32.6,64.5,Yes
EMP_1742,Finance,59,73534.84,2,39.5,87.7,No
EMP_1743,Finance,25,57860.72,6,39.9,56.6,No
EMP_1744,Sales,45,40993.7,5,37.8,33.1,No
EMP_1745,IT,56,44561.0,8,31.2,68.0,No
EMP_1746,IT,24,39240.67,3,31.2,94.7,Yes
EMP_1747,Sales,25,57001.55,5,36.3,70.5,Yes
EMP_1748,IT,58,60666.88,4,42.7,49.4,No
EMP_1749,Finance,56,58817.98,7,41.4,45.6,No
EMP_1750,Sales,52,55646.74,9,39.9,88.0,Yes
EMP_1751,IT,46,34575.8,6,35.6,57.9,No
EMP_1752,Sales,34,38248.89,13,41.7,93.1,No
EMP_1753,Sales,25,42691.73,3,31.0,79.8,No
EMP_1754,Sales,35,38033.24,7,28.0,58.5,Yes
EMP_1755,Marketing,34,58125.06,5,38.8,87.5,Yes
EMP_1756,Finance,48,37990.26,6,37.3,56.1,Yes
EMP_1757,Marketing,27,32975.39,11,45.1,48.3,No
EMP_1758,IT,38,40184.55,7,40.8,57.0,No
EMP_1759,Sales,57,108155.08,4,48.3,81.5,Yes
EMP_1760,IT,56,35120.6,8,37.3,87.1,No
EMP_1761,IT,38,48943.18,6,42.4,64.1,No
EMP_1762,Finance,23,41346.97,4,38.7,42.0,No
EMP_1763,Sales,34,31473.46,4,46.9,46.6,No
EMP_1764,IT,23,43383.79,7,39.0,54.0,No
EMP_1765,Sales,49,54224.27,8,44.3,50.6,No
EMP_1766,IT,47,44398.86,3,34.6,74.0,No
EMP_1767,Finance,43,71131.08,8,37.9,99.1,Yes
EMP_1768,IT,24,36819.89,6,39.6,81.9,Yes
EMP_1769,IT,56,31803.95,8,46.3,53.1,Yes
EMP_1770,IT,33,85154.98,3,29.0,59.6,No
EMP_1771,IT,45,39502.62,3,38.3,62.5,No
EMP_1772,Finance,26,47179.58,7,38.2,75.8,No
EMP_1773,Marketing,41,61404.64,6,29.6,93.6,Yes
EMP_1774,Marketing,34,37840.53,6,37.7,63.0,No
EMP_1775,Finance,33,55187.21,4,32.3,93.1,Yes
EMP_1776,IT,34,32910.2,3,28.3,100.0,Yes
EMP_1777,HR,31,36886.28,7,38.7,64.8,No
EMP_1778,IT,54,33126.31,7,38.5,64.4,Yes
EMP_1779,IT,37,63344.58,7,38.8,64.6,No
EMP_1780,Finance,56,35037.27,5,41.3,70.9,Yes
EMP_1781,Sales,24,55274.71,4,35.6,64.6,No
EMP_1782,Marketing,26,87399.06,4,49.0,83.3,Yes
EMP_1783,IT,47,45005.88,7,39.8,46.8,No
EMP_1784,HR,32,45531.85,5,46.4,62.0,No
EMP_1785,HR,28,42362.04,4,31.6,74.9,Yes
EMP_1786,Marketing,31,37887.24,3,35.8,83.1,Yes
EMP_1787,HR,55,42912.11,3,43.4,100.0,Yes
EMP_1788,HR,24,48466.69,3,38.9,50.7,No
EMP_1789,Sales,29,115361.92,6,34.6,60.2,No
EMP_1790,IT,52,85536.61,5,30.8,36.0,No
EMP_1791,Sales,32,69632.21,5,43.7,53.4,No
EMP_1792,Finance,28,73988.04,4,43.3,43.5,No
EMP_1793,IT,23,42616.57,8,41.2,62.2,No
EMP_1794,HR,27,51426.42,7,37.5,66.6,Yes
EMP_1795,Sales,53,75088.61,4,34.4,77.0,Yes
EMP_1796,Sales,41,39982.91,3,39.7,65.5,No
EMP_1797,Finance,55,95278.76,4,33.4,77.0,No
EMP_1798,Sales,37,40749.76,7,36.2,71.7,Yes
EMP_1799,Sales,46,48380.02,9,46.3,54.5,No
EMP_1800,Sales,33,54744.02,8,30.7,44.7,No
EMP_1801,Marketing,28,90152.86,3,43.4,78.8,Yes
EMP_1802,Finance,38,35610.59,5,47.5,94.7,Yes
EMP_1803,IT,32,57418.74,6,44.1,100.0,No
EMP_1804,IT,27,44713.4,7,42.0,84.0,No
EMP_1805,IT,44,36254.72,6,37.7,91.9,Yes
EMP_1806,Finance,48,59976.44,5,36.8,76.9,Yes
EMP_1807,HR,27,46069.17,8,28.8,74.5,Yes
EMP_1808,Sales,59,51633.56,7,40.2,71.7,Yes
EMP_1809,Sales,23,37798.76,4,38.0,68.4,No
EMP_1810,Sales,43,43127.59,6,36.5,79.1,Yes
EMP_1811,HR,41,49212.91,9,39.9,62.2,Yes
EMP_1812,Finance,46,40380.88,6,40.3,67.8,Yes
EMP_1813,IT,36,34422.23,5,36.8,52.3,No
EMP_1814,Sales,50,95215.06,4,48.1,77.1,No
EMP_1815,Sales,29,44326.99,3,43.7,55.6,Yes
EMP_1816,Marketing,58,56479.19,0,44.5,70.5,No
EMP_1817,IT,54,40588.18,6,39.5,77.5,No
EMP_1818,Finance,43,38774.19,3,42.6,78.8,Yes
EMP_1819,HR,26,40456.76,4,35.5,81.6,Yes
EMP_1820,IT,39,40525.44,4,43.3,66.8,No
EMP_1821,Sales,59,45713.15,8,39.0,77.3,Yes
EMP_1822,Sales,58,45682.01,3,34.9,62.7,No
EMP_1823,HR,51,43749.42,4,39.9,40.4,No
EMP_1824,Finance,52,32895.56,2,38.5,78.0,Yes
EMP_1825,HR,31,43706.58,5,51.6,74.5,Yes
EMP_1826,IT,36,33705.01,7,42.2,85.2,Yes
EMP_1827,Sales,39,32696.61,9,47.9,69.6,No
EMP_1828,Marketing,44,83955.78,8,45.7,46.0,No
EMP_1829,Finance,54,48574.86,10,40.2,68.6,Yes
EMP_1830,IT,37,51546.22,6,37.8,83.3,Yes
EMP_1831,Marketing,59,40276.39,14,31.3,77.1,No
EMP_1832,HR,56,77933.72,3,35.6,67.8,No
EMP_1833,HR,55,50318.38,6,43.3,45.0,No
EMP_1834,Finance,49,59321.46,8,38.5,54.6,No
EMP_1835,Finance,23,39195.13,4,41.9,77.2,No
EMP_1836,HR,51,94383.46,6,29.8,45.0,No
EMP_1837,Sales,34,64347.29,8,42.3,65.2,No
EMP_1838,IT,37,68475.91,9,45.5,70.6,No
EMP_1839,Marketing,26,33779.54,6,31.1,87.2,No
EMP_1840,Sales,49,36320.62,9,41.9,79.2,Yes
EMP_1841,IT,41,36726.99,1,46.7,84.4,No
EMP_1842,IT,45,36319.14,6,48.4,74.5,No
EMP_1843,IT,48,68676.81,6,37.5,57.3,No
EMP_1844,HR,51,30648.08,7,43.9,60.8,No
EMP_1845,Marketing,48,31583.03,4,47.1,56.0,No
EMP_1846,Sales,47,36401.76,13,42.0,78.9,Yes
EMP_1847,Sales,28,34459.7,3,46.4,59.6,No
EMP_1848,Sales,59,35275.66,5,39.8,64.1,Yes
EMP_1849,Marketing,26,61984.13,4,42.0,70.3,No
EMP_1850,HR,44,46562.24,4,36.9,94.6,Yes
EMP_1851,IT,49,30115.75,8,39.2,79.9,No
EMP_1852,Finance,55,41218.63,3,42.2,58.4,No
EMP_1853,Marketing,36,40481.09,2,36.5,72.3,Yes
EMP_1854,Finance,53,32419.53,4,38.9,94.8,Yes
EMP_1855,Marketing,47,52548.99,5,43.8,79.2,Yes
EMP_1856,IT,52,54219.76,5,50.3,46.0,No
EMP_1857,Finance,40,55523.22,6,29.8,56.3,No
EMP_1858,IT,30,56073.72,7,49.9,55.1,No
EMP_1859,Finance,50,30001.06,6,38.7,91.6,Yes
EMP_1860,Finance,25,91547.87,4,44.8,88.8,No
EMP_1861,Finance,24,63662.63,10,45.8,60.6,No
EMP_1862,HR,50,76864.33,7,47.8,60.3,No
EMP_1863,Sales,32,30315.34,5,36.4,70.7,No
EMP_1864,IT,54,84319.27,2,38.9,71.1,No
EMP_1865,Marketing,59,63192.38,5,39.7,55.6,No
EMP_1866,Marketing,32,66307.01,4,38.2,66.3,No
EMP_1867,Sales,48,31958.59,3,46.6,48.2,No
EMP_1868,Sales,54,56847.7,2,39.6,89.1,Yes
EMP_1869,Sales,42,94335.9,2,31.9,43.6,No
EMP_1870,Finance,52,52698.1,6,36.8,43.4,No
EMP_1871,Finance,59,46905.53,12,32.1,76.5,No
EMP_1872,Sales,23,88238.74,7,38.9,51.4,No
EMP_1873,IT,48,41701.54,1,43.4,62.5,No
EMP_1874,Finance,57,48290.52,8,36.7,70.9,Yes
EMP_1875,Finance,32,42938.19,4,38.0,80.1,No
EMP_1876,IT,39,84015.4,3,38.6,66.7,Yes
EMP_1877,HR,22,31582.7,10,40.7,96.7,Yes
EMP_1878,IT,56,43907.78,2,42.6,70.0,No
EMP_1879,IT,56,53228.0,7,44.0,87.9,Yes
EMP_1880,HR,52,61395.36,3,51.3,74.2,No
EMP_1881,HR,49,47494.28,5,40.6,100.0,Yes
EMP_1882,Marketing,22,77919.85,5,43.7,85.9,Yes
EMP_1883,HR,46,86943.3,9,32.1,70.7,Yes
EMP_1884,Finance,59,31329.62,2,38.1,79.4,Yes
EMP_1885,Sales,41,40295.69,7,38.6,66.1,No
EMP_1886,IT,24,30474.77,5,34.9,65.9,No
EMP_1887,Sales,23,37992.15,6,37.3,50.4,No
EMP_1888,Sales,39,45394.87,4,39.5,57.9,No
EMP_1889,Finance,31,78336.35,5,37.5,100.0,Yes
EMP_1890,Marketing,26,67488.17,6,53.0,51.9,No
EMP_1891,Sales,30,32727.85,10,42.6,60.2,No
EMP_1892,IT,23,31952.93,7,50.0,68.6,No
EMP_1893,Finance,55,47796.25,2,47.5,69.1,No
EMP_1894,Sales,59,45190.78,7,36.8,75.8,No
EMP_1895,HR,52,36195.22,5,40.2,63.0,No
EMP_1896,Finance,31,75942.62,9,37.8,76.7,Yes
EMP_1897,HR,33,82446.56,4,39.2,87.1,Yes
EMP_1898,Sales,57,40303.75,7,35.1,89.0,No
EMP_1899,IT,42,74200.58,3,37.8,66.0,Yes
EMP_1900,Finance,27,39688.51,7,41.8,79.2,Yes
EMP_1901,HR,24,56698.1,6,41.7,52.8,No
EMP_1902,Sales,31,42923.07,3,41.3,59.2,No
EMP_1903,Finance,26,32615.46,5,39.7,52.4,No
EMP_1904,Sales,47,82603.51,4,44.3,69.3,No
EMP_1905,Finance,42,42106.26,7,38.7,57.1,No
EMP_1906,Sales,47,56521.83,6,47.0,47.2,No
EMP_1907,Marketing,59,39151.19,3,30.8,64.2,No
EMP_1908,IT,47,30381.23,3,43.3,44.1,No
EMP_1909,IT,29,32119.0,2,42.4,89.9,Yes
EMP_1910,Sales,26,43712.29,6,36.6,61.6,No
EMP_1911,IT,36,53421.36,5,38.2,84.8,No
EMP_1912,Marketing,37,38151.41,6,42.3,62.6,No
EMP_1913,Marketing,22,53780.93,5,44.6,52.1,No
EMP_1914,IT,37,53988.7,6,31.3,87.6,Yes
EMP_1915,IT,58,54343.59,3,43.1,71.3,No
EMP_1916,Finance,24,43566.03,5,37.7,98.3,Yes
EMP_1917,Marketing,52,79275.31,8,45.6,63.0,No
EMP_1918,HR,34,43435.41,6,30.8,63.3,No
EMP_1919,IT,37,41966.39,4,52.2,85.1,Yes
EMP_1920,IT,42,34447.4,4,35.6,85.2,No
EMP_1921,HR,23,37353.42,2,47.1,72.3,No
EMP_1922,Sales,48,30865.13,6,39.7,100.0,Yes
EMP_1923,HR,59,50077.06,10,35.9,65.8,No
EMP_1924,IT,47,35714.63,5,41.3,51.0,No
EMP_1925,Finance,59,37252.57,3,45.1,55.0,No
EMP_1926,Sales,46,59464.47,7,32.2,65.9,No
EMP_1927,HR,32,37926.77,6,43.5,92.8,Yes
EMP_1928,IT,29,35546.61,5,39.9,67.2,No
EMP_1929,HR,29,33703.9,6,42.9,93.5,Yes
EMP_1930,Sales,54,59820.52,1,40.1,76.5,Yes
EMP_1931,HR,28,32778.49,5,37.1,86.3,Yes
EMP_1932,HR,59,42093.71,4,34.4,75.8,Yes
EMP_1933,HR,42,44142.09,9,43.4,75.7,Yes
EMP_1934,HR,29,53255.97,9,43.3,81.3,No
EMP_1935,HR,42,50063.32,6,43.3,61.5,No
EMP_1936,Finance,41,63290.63,9,42.1,61.7,No
EMP_1937,IT,29,30915.67,7,44.7,75.2,Yes
EMP_1938,Finance,52,37032.06,2,47.0,99.1,Yes
EMP_1939,IT,50,36573.81,3,30.6,46.9,No
EMP_1940,Sales,30,33156.88,4,28.3,39.6,No
EMP_1941,Sales,36,36826.67,5,48.6,66.0,No
EMP_1942,IT,51,37414.47,8,33.3,85.5,Yes
EMP_1943,Finance,47,44758.06,4,34.6,70.8,No
EMP_1944,Finance,31,51795.3,4,38.6,52.5,No
EMP_1945,Finance,50,39596.25,4,31.7,71.2,No
EMP_1946,IT,37,55421.51,3,38.1,44.0,No
EMP_1947,IT,57,38194.44,2,35.3,79.4,Yes
EMP_1948,Sales,41,36857.8,5,38.8,65.4,No
EMP_1949,IT,58,45582.3,9,41.4,68.8,Yes
EMP_1950,IT,43,30480.04,6,38.3,76.4,No
EMP_1951,Sales,28,31663.05,3,38.0,73.1,Yes
EMP_1952,Sales,44,40824.65,4,41.3,61.9,No
EMP_1953,HR,50,87263.48,3,45.2,85.5,Yes
EMP_1954,Finance,37,55567.59,4,48.0,82.0,No
EMP_1955,Marketing,59,31845.08,3,38.9,43.4,No
EMP_1956,Marketing,49,67457.4,5,49.1,66.5,Yes
EMP_1957,HR,59,56357.82,6,44.4,53.8,No
EMP_1958,IT,52,48880.77,8,33.8,51.0,No
EMP_1959,HR,35,64328.55,2,33.7,78.0,Yes
EMP_1960,Finance,54,40353.98,6,37.1,63.7,No
EMP_1961,Sales,30,35007.75,4,47.2,67.9,No
EMP_1962,IT,48,44349.76,5,37.5,60.0,No
EMP_1963,Finance,45,45918.74,5,30.5,75.6,No
EMP_1964,IT,34,45457.94,7,38.9,80.2,No
EMP_1965,HR,47,46651.58,7,30.1,100.0,Yes
EMP_1966,HR,50,89403.21,6,34.7,67.3,No
EMP_1967,Sales,49,76505.95,5,37.1,48.3,No
EMP_1968,IT,49,71703.89,2,40.7,62.4,Yes
EMP_1969,IT,29,62330.94,0,45.1,82.7,Yes
EMP_1970,Sales,44,87444.86,4,43.5,58.4,No
EMP_1971,Sales,50,32073.79,4,34.1,47.8,No
EMP_1972,Finance,26,36161.05,2,38.1,58.7,No
EMP_1973,IT,28,43666.15,5,40.4,62.0,Yes
EMP_1974,IT,57,67485.59,8,38.7,53.8,No
EMP_1975,IT,48,44070.65,5,38.7,73.3,No
EMP_1976,Marketing,23,57569.28,7,31.4,68.8,No
EMP_1977,IT,46,32992.28,7,34.2,81.8,No
EMP_1978,IT,30,35818.11,6,38.0,63.3,Yes
EMP_1979,Marketing,48,56318.66,6,24.5,78.4,Yes
EMP_1980,Finance,22,33600.1,5,43.2,62.6,No
EMP_1981,Sales,44,38657.42,5,33.1,53.1,No
EMP_1982,Finance,31,36154.06,4,43.4,61.9,No
EMP_1983,IT,46,38611.4,10,43.0,45.7,No
EMP_1984,IT,24,54642.24,2,37.3,96.8,Yes
EMP_1985,Sales,27,39172.48,8,45.0,72.1,No
EMP_1986,Sales,27,46205.46,2,43.7,58.1,No
EMP_1987,Finance,23,32105.7,4,38.5,64.3,Yes
EMP_1988,IT,39,62696.93,7,37.9,33.2,No
EMP_1989,IT,44,39237.17,3,45.5,91.5,Yes
EMP_1990,Finance,23,50912.86,6,41.2,90.0,Yes
EMP_1991,Finance,33,55848.04,10,45.2,71.6,No
EMP_1992,Sales,43,34705.86,5,28.1,74.8,Yes
EMP_1993,HR,58,73200.02,4,40.5,51.0,No
EMP_1994,Sales,41,49153.94,4,32.1,52.1,No
EMP_1995,Finance,45,41197.7,7,39.9,44.5,No
EMP_1996,HR,41,34026.06,4,43.6,67.6,Yes
EMP_1997,Marketing,22,87050.29,1,48.7,85.9,Yes
EMP_1998,Sales,22,58135.51,4,35.3,64.3,No
EMP_1999,Sales,38,34664.5,2,37.4,75.2,Yes
EMP_2000,IT,22,38241.06,12,39.5,84.7,Yes
EMP_2001,IT,51,63180.36,4,35.1,45.6,No
EMP_2002,Sales,24,53793.36,7,44.9,97.7,Yes
EMP_2003,Marketing,32,59030.26,8,39.6,87.4,Yes
EMP_2004,Sales,45,41639.31,6,40.6,77.7,No
EMP_2005,IT,43,55209.19,8,43.1,83.9,Yes
EMP_2006,Finance,47,39771.3,4,39.6,84.6,No
EMP_2007,IT,34,34746.44,1,35.9,74.4,Yes
EMP_2008,Finance,22,50030.28,3,39.7,91.4,Yes
EMP_2009,Sales,45,104605.64,4,35.7,63.2,No
EMP_2010,IT,31,37438.7,4,40.5,76.9,No
EMP_2011,Sales,56,42359.67,5,45.0,89.8,Yes
EMP_2012,Sales,45,52417.24,6,34.1,29.6,No
EMP_2013,Marketing,49,45596.17,7,32.3,76.6,No
EMP_2014,Sales,57,67084.76,7,40.2,80.9,Yes
EMP_2015,IT,37,58688.08,2,36.2,44.4,No
EMP_2016,IT,37,31201.31,6,40.2,74.2,Yes
EMP_2017,IT,38,159022.23,6,41.6,58.1,No
EMP_2018,Marketing,36,57919.01,4,29.3,76.0,No
EMP_2019,Sales,37,69887.79,6,43.4,68.6,No
EMP_2020,HR,36,51065.0,8,34.2,55.8,No
EMP_2021,Marketing,55,68798.48,6,39.9,86.6,Yes
EMP_2022,HR,32,32384.3,2,36.7,63.7,Yes
EMP_2023,Marketing,22,38546.17,3,37.2,74.0,No
EMP_2024,Sales,36,71817.48,9,48.5,89.7,No
EMP_2025,IT,47,34504.29,6,41.6,56.2,No
EMP_2026,IT,25,31629.45,8,44.5,70.1,No
EMP_2027,Finance,26,61034.6,3,40.8,62.6,Yes
EMP_2028,Marketing,56,66095.21,5,43.1,65.9,No
EMP_2029,IT,34,33550.32,9,42.1,100.0,Yes
EMP_2030,HR,31,68530.42,5,41.3,76.9,No
EMP_2031,Sales,32,53216.21,2,45.5,74.7,Yes
EMP_2032,HR,39,44682.83,7,40.8,77.9,Yes
EMP_2033,IT,55,65468.59,2,51.4,76.5,No
EMP_2034,Marketing,44,40868.67,2,44.8,42.6,No
EMP_2035,HR,28,34313.28,6,34.3,100.0,Yes
EMP_2036,IT,24,36705.33,5,39.1,48.0,No
EMP_2037,Sales,33,44070.58,7,42.0,96.0,Yes
EMP_2038,Sales,28,45157.16,6,40.2,79.3,No
EMP_2039,Sales,47,62754.78,5,43.4,72.7,Yes
EMP_2040,IT,54,61342.2,7,44.0,65.4,No
EMP_2041,Marketing,58,47415.19,5,33.2,100.0,Yes
EMP_2042,HR,36,60354.09,5,46.4,79.1,No
EMP_2043,IT,23,34258.26,9,37.5,70.3,No
EMP_2044,Sales,28,31027.22,7,37.0,62.0,Yes
EMP_2045,Marketing,53,71371.43,3,37.0,60.2,No
EMP_2046,Finance,25,31571.22,7,44.0,70.8,Yes
EMP_2047,Sales,41,35665.53,6,38.7,56.0,Yes
EMP_2048,Finance,57,53769.8,7,36.7,80.2,Yes
EMP_2049,IT,53,40533.95,3,37.9,60.3,No
EMP_2050,Sales,49,71800.18,4,31.0,85.1,Yes
EMP_2051,IT,34,37075.86,7,35.8,84.7,Yes
EMP_2052,IT,22,30238.85,8,33.8,69.2,No
EMP_2053,Sales,56,37152.24,5,38.7,78.7,Yes
EMP_2054,Marketing,51,47258.56,5,43.3,79.5,Yes
EMP_2055,Finance,57,39430.12,5,42.8,48.1,No
EMP_2056,HR,46,45308.89,4,46.3,96.0,Yes
EMP_2057,IT,37,71846.18,5,45.2,66.2,No
EMP_2058,IT,40,78718.91,5,37.4,80.4,No
EMP_2059,HR,22,36184.22,3,40.1,80.9,No
EMP_2060,IT,26,42403.16,3,39.8,32.7,No
EMP_2061,Sales,43,45932.15,3,29.2,60.1,Yes
EMP_2062,IT,45,89562.74,3,33.9,82.6,Yes
EMP_2063,Finance,58,161674.62,6,39.2,70.9,Yes
EMP_2064,IT,57,35368.24,6,39.1,80.3,Yes
EMP_2065,Sales,57,55964.2,6,42.6,71.4,Yes
EMP_2066,Finance,25,39497.3,5,42.3,88.4,No
EMP_2067,Sales,57,30162.82,3,31.1,71.7,No
EMP_2068,IT,39,30185.91,6,42.6,91.4,Yes
EMP_2069,Sales,37,42344.7,6,40.9,55.3,Yes
EMP_2070,IT,39,43401.7,5,43.1,68.1,No
EMP_2071,Finance,43,30456.57,4,45.3,61.1,Yes
EMP_2072,IT,23,53226.4,5,39.3,75.8,Yes
EMP_2073,Sales,42,36962.9,6,46.2,65.8,No
EMP_2074,Marketing,57,46414.75,4,35.6,66.6,No
EMP_2075,Marketing,50,37159.78,4,35.3,59.4,No
EMP_2076,Marketing,47,33657.66,4,42.1,63.1,Yes
EMP_2077,Sales,42,40457.08,6,38.2,69.8,Yes
EMP_2078,IT,38,35286.43,4,41.3,39.7,No
EMP_2079,Marketing,37,45305.8,3,50.0,35.5,No
EMP_2080,Finance,52,34433.61,4,42.0,70.9,Yes
EMP_2081,Sales,30,44202.04,6,41.1,28.5,No
EMP_2082,Sales,52,33424.75,4,35.7,67.1,Yes
EMP_2083,IT,35,52232.41,3,31.5,64.3,No
EMP_2084,Marketing,58,58043.41,6,39.6,78.1,Yes
EMP_2085,IT,23,32339.54,6,45.3,59.9,No
EMP_2086,IT,35,42614.81,3,38.4,93.5,Yes
EMP_2087,Sales,54,31470.17,3,42.0,82.7,No
EMP_2088,HR,56,48235.14,2,47.1,47.3,No
EMP_2089,Finance,41,36141.49,3,47.0,65.7,No
EMP_2090,IT,23,44999.62,5,42.1,92.9,No
EMP_2091,Finance,40,44573.87,7,40.9,59.5,No
EMP_2092,Marketing,58,81633.91,3,32.4,69.2,No
EMP_2093,Sales,39,45929.45,3,36.8,91.1,No
EMP_2094,IT,37,47493.31,6,38.6,61.9,No
EMP_2095,IT,25,40271.69,7,35.7,86.8,Yes
EMP_2096,Finance,33,89549.83,3,41.2,56.4,No
EMP_2097,HR,50,60028.35,6,49.6,26.7,No
EMP_2098,HR,28,36720.79,8,47.6,88.4,Yes
EMP_2099,Finance,35,67184.87,3,41.2,76.6,No
EMP_2100,IT,33,41326.64,3,43.9,77.6,No
EMP_2101,Marketing,56,65282.94,5,36.4,53.6,No
EMP_2102,IT,26,64619.47,5,47.3,54.8,No
EMP_2103,Sales,38,34186.54,7,32.2,87.3,Yes
EMP_2104,HR,53,54155.68,9,44.6,73.6,No
EMP_2105,Finance,31,36867.93,4,42.5,68.2,No
EMP_2106,IT,38,37061.99,6,36.2,73.3,No
EMP_2107,Marketing,26,37029.43,6,39.0,92.6,Yes
EMP_2108,Marketing,30,55861.05,5,34.3,80.9,Yes
EMP_2109,IT,54,35222.78,6,34.5,62.9,Yes
EMP_2110,Marketing,57,30018.12,10,32.0,48.9,No
EMP_2111,Sales,57,55121.95,4,43.8,78.8,Yes
EMP_2112,Sales,39,33755.16,3,46.0,56.1,No
EMP_2113,Sales,30,32207.07,8,29.2,52.3,No
EMP_2114,Marketing,50,35423.48,6,49.2,89.7,Yes
EMP_2115,HR,35,39557.51,7,39.9,83.1,No
EMP_2116,Sales,46,42921.7,5,41.4,75.8,Yes
EMP_2117,IT,36,30911.88,6,32.6,51.4,No
EMP_2118,HR,27,100517.08,2,46.6,96.8,No
EMP_2119,Sales,50,55180.06,4,41.0,85.4,No
EMP_2120,Marketing,36,37807.41,4,45.7,65.4,No
EMP_2121,Finance,50,37674.97,5,46.1,62.3,No
EMP_2122,IT,25,41903.81,6,46.7,71.2,Yes
EMP_2123,Marketing,39,49683.09,6,36.8,62.8,Yes
EMP_2124,IT,37,33165.22,3,39.0,100.0,Yes
EMP_2125,Marketing,32,34188.01,6,36.9,64.2,No
EMP_2126,HR,35,69241.65,3,44.5,54.0,No
EMP_2127,HR,24,35921.14,7,41.7,93.8,Yes
EMP_2128,Sales,59,39567.01,3,45.3,61.5,No
EMP_2129,Marketing,39,71001.05,6,45.6,81.8,Yes
EMP_2130,IT,41,51762.22,9,31.4,80.1,Yes
EMP_2131,Sales,46,38362.25,3,46.8,69.1,No
EMP_2132,Sales,59,53021.25,5,44.8,55.4,No
EMP_2133,HR,34,30397.59,7,38.2,69.3,Yes
EMP_2134,IT,25,56609.07,2,41.7,52.5,No
EMP_2135,Finance,35,43350.21,4,39.4,69.6,Yes
EMP_2136,Marketing,54,63552.42,4,43.1,81.6,Yes
EMP_2137,Sales,49,91861.46,12,38.1,95.8,Yes
EMP_2138,Finance,58,82016.74,3,42.4,53.7,No
EMP_2139,Sales,29,77996.25,4,40.3,66.2,Yes
EMP_2140,Marketing,55,44355.76,7,37.8,62.1,No
EMP_2141,Finance,26,38930.18,6,41.0,74.1,No
EMP_2142,IT,26,42511.09,9,53.5,47.2,No
EMP_2143,Finance,52,53416.95,6,36.6,56.1,No
EMP_2144,IT,30,73082.92,3,38.8,44.6,No
EMP_2145,IT,53,34638.3,3,36.7,48.4,No
EMP_2146,Finance,54,80067.89,1,37.2,60.1,No
EMP_2147,IT,24,63767.48,4,44.1,95.1,Yes
EMP_2148,IT,51,107128.0,4,43.6,75.2,No
EMP_2149,IT,33,72447.28,2,40.0,71.0,No
EMP_2150,Finance,50,36568.34,2,45.1,90.2,Yes
EMP_2151,IT,24,32240.0,8,44.0,75.8,No
EMP_2152,Sales,47,32381.1,8,39.2,77.2,No
EMP_2153,Finance,51,36884.3,6,32.3,62.9,No
EMP_2154,Finance,30,49047.88,7,44.1,60.4,No
EMP_2155,Sales,47,62625.53,1,40.8,50.3,No
EMP_2156,Sales,23,75902.32,6,40.1,61.0,Yes
EMP_2157,Sales,24,49550.21,5,37.7,65.8,No
EMP_2158,IT,25,30112.94,7,43.7,75.2,Yes
EMP_2159,IT,46,34123.68,11,41.7,69.4,Yes
EMP_2160,Finance,34,32101.13,1,38.8,64.5,Yes
EMP_2161,HR,56,39029.9,5,33.9,56.3,No
EMP_2162,HR,44,43917.06,5,45.3,76.0,No
EMP_2163,IT,30,30887.34,5,43.0,62.5,No
EMP_2164,Finance,23,38568.88,3,41.3,75.3,Yes
EMP_2165,IT,52,33949.02,4,26.7,41.3,No
EMP_2166,Marketing,23,50829.72,6,39.8,75.0,No
EMP_2167,HR,53,42482.59,7,38.8,81.2,No
EMP_2168,Sales,39,43676.52,7,36.9,79.3,No
EMP_2169,HR,34,41161.55,2,43.8,67.0,No
EMP_2170,IT,26,92480.27,5,43.6,83.7,Yes
EMP_2171,HR,31,34834.68,8,42.2,50.9,No
EMP_2172,Sales,46,44540.88,6,45.2,68.7,Yes
EMP_2173,Sales,55,56637.44,8,34.9,67.1,No
EMP_2174,Marketing,58,46276.69,4,37.7,85.5,No
EMP_2175,Sales,51,82907.39,4,40.4,39.7,No
EMP_2176,Finance,28,39495.29,3,36.9,54.1,No
EMP_2177,IT,27,42460.33,2,43.6,96.2,Yes
EMP_2178,HR,24,31853.76,4,37.4,33.5,No
EMP_2179,HR,34,48780.91,5,46.5,82.2,Yes
EMP_2180,IT,24,36799.5,5,35.3,59.5,No
EMP_2181,IT,47,33494.43,3,50.7,73.8,Yes
EMP_2182,Sales,45,45728.57,4,50.1,91.2,Yes
EMP_2183,Sales,27,45199.0,3,39.5,74.4,No
EMP_2184,IT,33,31578.09,9,45.7,91.5,Yes
EMP_2185,HR,57,53960.84,2,38.0,62.6,No
EMP_2186,Marketing,23,49551.21,7,45.1,64.6,Yes
EMP_2187,Marketing,32,34190.17,5,39.1,81.8,No
EMP_2188,Finance,55,42676.25,6,33.6,63.4,No
EMP_2189,Finance,47,55482.39,5,22.3,79.0,No
EMP_2190,HR,39,45076.46,11,38.7,87.8,Yes
EMP_2191,IT,42,40066.71,3,41.4,83.0,No
EMP_2192,Marketing,57,37782.15,3,46.7,46.3,No
EMP_2193,HR,43,48852.38,5,40.2,64.9,Yes
EMP_2194,HR,51,85973.3,5,45.0,74.2,No
EMP_2195,Sales,51,52279.28,3,37.7,66.3,No
EMP_2196,IT,29,31553.74,6,38.3,71.2,Yes
EMP_2197,IT,55,42349.11,5,45.3,74.4,Yes
EMP_2198,Marketing,30,74295.9,6,27.7,62.1,No
EMP_2199,IT,41,31984.53,2,40.1,67.1,Yes
EMP_2200,IT,46,119972.49,5,38.0,52.3,No
EMP_2201,Marketing,40,89545.82,6,46.8,62.8,No
EMP_2202,Sales,26,31630.16,2,37.4,47.1,No
EMP_2203,IT,32,84185.01,8,42.6,71.7,Yes
EMP_2204,Sales,36,39023.88,5,44.6,67.1,No
EMP_2205,Finance,29,67249.11,5,32.5,56.3,No
EMP_2206,Marketing,40,40838.87,12,39.3,96.8,Yes
EMP_2207,IT,44,41626.93,4,37.8,66.3,No
EMP_2208,Marketing,48,50115.73,7,44.7,74.3,No
EMP_2209,IT,53,59786.7,5,43.4,60.4,No
EMP_2210,Marketing,47,30687.46,3,38.8,63.8,No
EMP_2211,Finance,48,47986.51,8,34.8,74.9,No
EMP_2212,Finance,40,34133.92,3,45.2,65.0,Yes
EMP_2213,Sales,50,38491.41,3,39.7,70.0,No
EMP_2214,Marketing,54,38553.25,6,31.9,82.1,Yes
EMP_2215,Finance,40,42662.14,4,32.3,62.2,No
EMP_2216,IT,58,38133.41,7,42.2,50.0,No
EMP_2217,Finance,40,32271.46,5,33.6,47.1,No
EMP_2218,IT,54,33147.79,4,49.3,91.6,Yes
EMP_2219,Marketing,37,30680.2,3,35.3,84.0,Yes
EMP_2220,Sales,44,42706.97,3,40.0,79.8,Yes
EMP_2221,Finance,28,91777.88,6,40.8,63.5,No
EMP_2222,IT,47,32458.62,4,36.4,50.0,No
EMP_2223,Sales,53,88473.63,3,28.8,65.8,Yes
EMP_2224,Sales,33,56437.23,7,41.0,68.6,No
EMP_2225,Sales,29,50294.55,2,36.2,53.0,No
EMP_2226,IT,26,50728.4,7,40.6,48.0,No
EMP_2227,IT,49,65057.81,3,39.4,44.0,No
EMP_2228,HR,26,32261.58,6,41.3,79.9,Yes
EMP_2229,IT,47,44054.03,5,47.8,51.9,No
EMP_2230,IT,26,53886.47,4,37.3,74.6,Yes
EMP_2231,Finance,43,47677.46,3,37.7,64.0,No
EMP_2232,Sales,36,65768.79,4,31.7,78.8,No
EMP_2233,Marketing,34,31500.33,6,39.0,75.0,Yes
EMP_2234,Marketing,49,53468.94,6,42.0,66.5,No
EMP_2235,HR,54,45272.58,3,37.6,72.0,Yes
EMP_2236,HR,44,39533.67,3,42.1,68.3,No
EMP_2237,Marketing,54,38318.64,4,39.1,60.8,No
EMP_2238,Sales,39,49395.55,7,33.5,84.7,Yes
EMP_2239,Sales,51,74327.3,5,41.6,63.7,No
EMP_2240,Sales,47,43710.56,6,39.0,68.7,No
EMP_2241,Finance,37,64827.77,4,40.6,48.8,No
EMP_2242,Sales,34,40288.52,2,37.2,74.1,No
EMP_2243,HR,54,32160.49,4,36.7,60.8,No
EMP_2244,Marketing,47,31269.57,6,40.8,62.8,No
EMP_2245,Marketing,22,31053.98,6,38.8,57.4,No
EMP_2246,IT,59,39565.56,7,48.6,68.1,No
EMP_2247,Sales,23,38226.78,6,44.0,39.9,No
EMP_2248,Finance,27,55312.5,2,42.7,80.2,No
EMP_2249,HR,59,57159.7,6,39.1,69.4,Yes
EMP_2250,Sales,45,31043.85,5,29.9,63.0,Yes
EMP_2251,Sales,39,34998.05,3,36.0,46.8,No
EMP_2252,Marketing,48,36411.32,6,36.8,76.5,Yes
EMP_2253,HR,29,45864.3,6,38.6,60.5,No
EMP_2254,Finance,49,33121.74,11,39.8,89.6,No
EMP_2255,Marketing,31,32876.05,5,43.3,77.3,Yes
EMP_2256,HR,38,87572.82,7,41.4,93.0,Yes
EMP_2257,IT,50,62613.53,5,45.8,72.1,Yes
EMP_2258,IT,27,33985.0,4,38.4,86.2,Yes
EMP_2259,IT,35,40436.65,1,41.3,76.9,No
EMP_2260,IT,43,38789.4,7,41.7,63.2,Yes
EMP_2261,Finance,27,61308.81,5,41.2,72.8,No
EMP_2262,HR,47,44275.69,4,46.4,57.5,No
EMP_2263,Marketing,33,32735.87,6,44.0,100.0,Yes
EMP_2264,IT,56,56864.09,1,33.4,68.5,Yes
EMP_2265,HR,35,40113.05,3,39.4,70.4,No
EMP_2266,HR,43,36101.29,5,39.9,75.8,Yes
EMP_2267,HR,44,39416.03,8,50.8,53.7,Yes
EMP_2268,Finance,28,43773.41,5,38.4,89.8,Yes
EMP_2269,Sales,46,38404.94,2,35.1,54.6,No
EMP_2270,IT,34,35538.95,11,42.2,51.2,Yes
EMP_2271,Sales,42,40166.64,8,42.5,67.5,Yes
EMP_2272,IT,31,30387.18,3,39.6,50.8,No
EMP_2273,IT,30,59611.91,7,38.9,93.4,No
EMP_2274,HR,36,33749.37,5,44.7,66.5,Yes
EMP_2275,Marketing,23,30897.95,3,35.7,21.7,No
EMP_2276,HR,46,51208.92,10,38.3,73.0,Yes
EMP_2277,Finance,34,59738.75,6,37.4,78.3,Yes
EMP_2278,IT,55,63621.81,7,45.5,63.7,Yes
EMP_2279,HR,55,43604.98,2,41.4,49.7,No
EMP_2280,Sales,56,34597.53,4,34.7,68.5,No
EMP_2281,IT,59,56729.35,8,35.2,62.8,No
EMP_2282,IT,24,54060.34,6,49.4,55.4,No
EMP_2283,IT,27,35654.44,4,45.4,54.0,No
EMP_2284,Sales,40,76745.14,7,44.2,72.3,Yes
EMP_2285,Sales,24,32204.59,5,40.1,83.5,Yes
EMP_2286,IT,39,111127.38,5,47.5,76.9,Yes
EMP_2287,Marketing,30,69357.69,4,34.5,44.1,No
EMP_2288,IT,33,53288.55,7,43.8,79.2,No
EMP_2289,IT,26,85855.79,7,37.8,81.6,Yes
EMP_2290,Sales,24,55625.08,5,38.8,90.9,Yes
EMP_2291,HR,32,34225.71,2,43.6,55.8,No
EMP_2292,IT,51,41673.52,5,39.3,69.2,No
EMP_2293,Sales,25,31483.76,1,37.8,78.5,No
EMP_2294,IT,26,39874.7,3,37.5,62.1,Yes
EMP_2295,Sales,22,57065.16,11,30.1,78.3,Yes
EMP_2296,Sales,48,39769.65,4,43.8,69.6,Yes
EMP_2297,Sales,49,38018.33,6,35.0,57.3,No
EMP_2298,Sales,50,48094.94,5,49.3,58.6,No
EMP_2299,Sales,39,71146.48,11,38.6,88.7,Yes
EMP_2300,IT,33,30975.05,5,46.5,55.1,Yes
EMP_2301,Finance,34,39737.96,7,31.0,52.5,No
EMP_2302,HR,23,33445.22,6,43.7,75.2,Yes
EMP_2303,IT,58,53772.11,6,44.9,69.5,Yes
EMP_2304,IT,37,32234.83,7,46.5,50.3,No
EMP_2305,Marketing,45,51861.02,6,32.4,62.2,Yes
EMP_2306,IT,56,36742.51,5,36.5,57.7,No
EMP_2307,Sales,43,34435.81,2,42.9,60.4,Yes
EMP_2308,HR,57,85087.92,3,40.7,100.0,Yes
EMP_2309,Sales,32,30373.97,2,41.5,65.5,Yes
EMP_2310,IT,50,41517.14,4,38.2,56.8,No
EMP_2311,IT,56,30437.29,6,47.8,100.0,Yes
EMP_2312,Marketing,36,43217.2,2,53.0,83.3,Yes
EMP_2313,IT,52,43904.88,6,40.5,80.9,Yes
EMP_2314,Finance,37,37762.21,6,42.3,57.5,Yes
EMP_2315,Marketing,31,32835.0,7,40.3,87.9,Yes
EMP_2316,Sales,53,39444.52,5,46.4,82.2,No
EMP_2317,IT,23,52310.87,2,44.1,72.2,Yes
EMP_2318,IT,45,60501.55,2,34.7,44.3,No
EMP_2319,IT,44,45132.42,7,36.9,69.7,Yes
EMP_2320,IT,23,47823.89,3,35.0,95.9,Yes
EMP_2321,Marketing,59,34478.29,8,53.5,73.3,No
EMP_2322,Finance,52,36774.75,3,43.2,64.4,No
EMP_2323,HR,47,33532.25,3,37.0,66.6,No
EMP_2324,IT,50,35734.86,6,36.6,67.6,No
EMP_2325,Finance,24,35094.92,6,44.0,58.0,No
EMP_2326,Marketing,35,44656.43,4,44.5,69.4,Yes
EMP_2327,Finance,46,46542.2,5,44.0,91.6,Yes
EMP_2328,Sales,22,87989.33,7,37.9,89.9,Yes
EMP_2329,HR,24,34352.44,5,41.5,58.7,No
EMP_2330,Sales,47,50526.34,5,40.6,89.1,Yes
EMP_2331,IT,39,63993.74,5,35.3,81.4,No
EMP_2332,Sales,30,46430.59,4,35.4,79.5,Yes
EMP_2333,HR,59,35887.52,6,42.1,76.5,No
EMP_2334,HR,44,36091.15,2,41.0,56.0,No
EMP_2335,Sales,42,30800.88,4,42.8,63.9,No
EMP_2336,IT,22,37289.66,5,44.0,82.5,Yes
EMP_2337,IT,42,57298.77,7,47.5,51.9,No
EMP_2338,IT,48,30973.68,3,36.1,54.4,No
EMP_2339,Sales,27,34951.17,9,43.2,74.6,No
EMP_2340,IT,57,54499.33,2,43.7,58.2,No
EMP_2341,Finance,49,60525.07,3,38.4,82.4,Yes
EMP_2342,Sales,38,42151.08,6,40.6,58.7,Yes
EMP_2343,Sales,24,53951.49,5,38.6,73.7,No
EMP_2344,IT,33,39818.9,7,50.5,74.9,Yes
EMP_2345,Marketing,33,33485.0,2,40.5,62.8,No
EMP_2346,HR,23,40154.92,8,42.3,66.4,No
EMP_2347,HR,43,47348.48,7,38.7,59.8,No
EMP_2348,IT,44,89150.73,2,37.6,69.7,No
EMP_2349,HR,51,31424.57,6,33.5,55.6,No
EMP_2350,Sales,26,44160.92,3,45.5,66.6,No
EMP_2351,HR,30,37977.33,4,43.8,81.2,No
EMP_2352,Marketing,42,44198.21,5,38.5,52.9,No
EMP_2353,HR,32,30485.35,4,35.5,62.7,No
EMP_2354,Marketing,26,37509.16,6,40.9,77.8,Yes
EMP_2355,Finance,56,64281.32,5,37.5,38.8,No
EMP_2356,Sales,48,46146.11,6,38.9,97.8,Yes
EMP_2357,Marketing,23,41977.93,3,33.7,85.7,Yes
EMP_2358,Sales,45,36724.15,4,41.1,46.9,No
EMP_2359,IT,52,37077.65,3,41.2,38.4,No
EMP_2360,Sales,54,39661.01,4,45.5,70.4,No
EMP_2361,Sales,51,66105.49,4,39.2,53.2,No
EMP_2362,IT,58,98354.59,5,38.3,84.4,Yes
EMP_2363,IT,49,41548.41,4,32.2,75.9,Yes
EMP_2364,IT,52,39996.16,6,45.5,71.9,Yes
EMP_2365,HR,32,67487.71,5,44.5,61.4,No
EMP_2366,Sales,44,41134.09,7,40.1,94.0,Yes
EMP_2367,Sales,23,46060.05,5,33.4,81.3,No
EMP_2368,HR,48,35251.77,5,33.9,79.0,Yes
EMP_2369,IT,56,57212.73,6,37.3,88.0,Yes
EMP_2370,Finance,23,45185.24,3,44.8,54.7,No
EMP_2371,HR,58,63113.26,7,41.5,89.3,Yes
EMP_2372,Finance,42,60349.28,6,32.5,66.0,No
EMP_2373,HR,26,34841.55,7,42.0,75.0,Yes
EMP_2374,IT,42,55149.97,7,35.8,67.7,No
EMP_2375,HR,50,62194.2,5,37.4,41.8,No
EMP_2376,IT,41,38496.24,5,44.9,84.4,No
EMP_2377,IT,59,33789.56,5,43.8,42.6,No
EMP_2378,Finance,41,30052.71,7,45.5,55.5,No
EMP_2379,IT,46,41989.63,3,39.9,63.2,Yes
EMP_2380,Finance,23,38690.65,6,44.4,40.7,No
EMP_2381,Finance,53,46189.57,6,37.1,53.5,No
EMP_2382,Marketing,47,34166.11,3,38.7,73.7,Yes
EMP_2383,Marketing,27,69274.54,8,38.4,64.8,Yes
EMP_2384,IT,24,35961.52,7,40.1,66.0,No
EMP_2385,IT,54,35134.77,3,33.6,56.3,No
EMP_2386,HR,22,43106.01,4,38.9,70.7,No
EMP_2387,IT,26,43817.04,2,47.3,65.1,No
EMP_2388,HR,34,34843.6,4,34.5,45.4,No
EMP_2389,Finance,40,36345.26,3,33.4,67.0,No
EMP_2390,HR,33,33719.49,5,33.8,51.4,No
EMP_2391,IT,46,55349.63,6,53.3,83.5,Yes
EMP_2392,Sales,56,59401.26,6,42.3,64.1,No
EMP_2393,IT,33,42410.15,4,38.6,100.0,Yes
EMP_2394,Sales,51,55041.36,4,40.3,84.5,Yes
EMP_2395,Marketing,26,56631.23,5,41.1,68.0,Yes
EMP_2396,IT,55,32976.39,8,36.8,78.7,No
EMP_2397,Sales,43,97732.89,5,37.4,38.7,No
EMP_2398,Sales,34,64410.96,8,39.2,84.4,Yes
EMP_2399,HR,24,34575.27,2,36.4,57.7,No
EMP_2400,HR,41,34119.95,7,38.0,71.3,No
EMP_2401,IT,52,32685.75,11,41.8,59.1,Yes
EMP_2402,Sales,26,32978.79,4,35.0,60.7,No
EMP_2403,IT,45,57579.37,6,53.0,67.3,No
EMP_2404,IT,54,42684.52,3,43.8,71.2,Yes
EMP_2405,HR,29,60551.09,3,33.6,69.6,No
EMP_2406,HR,45,57428.5,1,27.6,70.0,No
EMP_2407,IT,41,48557.79,3,36.6,45.6,Yes
EMP_2408,Sales,37,53190.61,6,43.4,100.0,Yes
EMP_2409,Marketing,33,30370.53,3,42.5,73.5,Yes
EMP_2410,IT,34,37472.87,2,39.4,76.6,No
EMP_2411,HR,46,50312.4,6,37.0,64.9,No
EMP_2412,Sales,53,30187.78,4,35.5,56.9,No
EMP_2413,IT,45,30670.66,3,38.0,72.3,No
EMP_2414,Sales,30,68195.73,6,34.9,74.3,Yes
EMP_2415,IT,44,53041.83,2,38.0,89.5,Yes
EMP_2416,Marketing,34,36167.76,3,46.7,100.0,Yes
EMP_2417,IT,53,53292.66,10,36.1,92.2,Yes
EMP_2418,Sales,36,61448.3,7,43.1,43.5,No
EMP_2419,Sales,57,37328.57,4,43.8,63.1,No
EMP_2420,IT,26,30734.06,1,34.6,75.0,No
EMP_2421,Sales,43,83995.43,3,35.8,64.0,No
EMP_2422,Sales,37,38467.89,7,45.3,69.3,No
EMP_2423,Finance,31,32251.77,7,35.4,37.8,No
EMP_2424,IT,45,43539.84,3,39.7,83.7,No
EMP_2425,IT,39,59260.73,7,50.2,41.9,No
EMP_2426,Marketing,39,35011.51,2,44.9,46.4,No
EMP_2427,Sales,28,36280.25,5,40.4,54.8,Yes
EMP_2428,Marketing,25,35560.31,2,44.2,68.5,No
EMP_2429,IT,47,125765.17,4,39.7,45.7,No
EMP_2430,Marketing,26,34398.07,5,45.1,54.1,No
EMP_2431,HR,37,47137.82,3,29.8,87.2,Yes
EMP_2432,Finance,56,81876.04,4,39.3,68.3,Yes
EMP_2433,Marketing,47,33177.49,5,29.6,76.5,Yes
EMP_2434,IT,39,100708.89,2,40.8,51.5,No
EMP_2435,Marketing,50,88930.17,5,38.8,69.2,Yes
EMP_2436,IT,44,73182.16,6,46.8,68.0,No
EMP_2437,IT,35,34830.14,2,43.6,58.1,No
EMP_2438,IT,36,50105.45,5,37.4,69.2,No
EMP_2439,IT,54,58616.75,5,38.0,41.6,No
EMP_2440,Sales,46,115413.9,7,41.9,76.6,No
EMP_2441,HR,42,33979.36,8,37.1,64.0,Yes
EMP_2442,IT,38,59050.9,7,39.8,66.1,No
EMP_2443,Finance,44,38274.01,4,46.6,82.8,Yes
EMP_2444,Finance,38,33862.63,7,35.9,76.5,Yes
EMP_2445,IT,35,40942.08,6,37.8,65.2,No
EMP_2446,IT,50,61581.66,7,38.5,53.3,No
EMP_2447,IT,41,42504.16,5,55.8,89.9,Yes
EMP_2448,Sales,51,45423.17,5,43.0,49.9,No
EMP_2449,Sales,40,136614.37,5,45.7,79.4,Yes
EMP_2450,IT,34,40186.84,7,43.8,46.0,No
EMP_2451,IT,39,49111.07,5,44.2,83.8,No
EMP_2452,Marketing,44,39090.3,2,42.4,85.2,Yes
EMP_2453,HR,54,39977.47,4,41.8,41.3,No
EMP_2454,IT,39,53790.93,7,32.7,76.7,Yes
EMP_2455,HR,30,85575.99,7,41.8,75.5,Yes
EMP_2456,Sales,54,45633.4,6,39.5,80.5,Yes
EMP_2457,IT,53,59254.86,3,42.7,75.5,No
EMP_2458,HR,38,31868.78,1,39.6,55.6,No
EMP_2459,IT,40,34743.79,4,43.8,66.7,Yes
EMP_2460,IT,48,43948.39,9,44.7,95.0,No
EMP_2461,Marketing,27,30404.29,5,25.4,53.4,No
EMP_2462,Marketing,56,35829.92,4,37.8,74.8,Yes
EMP_2463,HR,58,44571.4,4,30.7,87.3,Yes
EMP_2464,HR,55,30301.48,7,41.2,55.1,Yes
EMP_2465,HR,41,36145.35,4,38.5,48.7,No
EMP_2466,Sales,46,44432.2,6,46.8,51.0,No
EMP_2467,IT,25,47026.42,2,41.0,75.9,No
EMP_2468,Sales,31,82006.81,7,37.6,50.9,No
EMP_2469,IT,31,50732.23,3,44.7,68.0,Yes
EMP_2470,IT,45,40713.84,3,38.4,90.6,Yes
EMP_2471,Sales,42,83285.79,6,37.5,69.2,No
EMP_2472,Marketing,32,60731.46,4,42.0,58.3,No
EMP_2473,Marketing,48,34463.09,7,48.1,71.9,Yes
EMP_2474,Finance,37,32804.62,6,44.3,69.0,Yes
EMP_2475,IT,47,52528.61,8,42.8,76.8,No
EMP_2476,Marketing,51,46414.3,3,53.8,94.3,Yes
EMP_2477,Sales,37,61181.89,5,36.3,76.0,Yes
EMP_2478,Finance,28,56849.76,6,36.2,100.0,Yes
EMP_2479,Sales,37,49627.87,3,40.7,76.8,Yes
EMP_2480,Finance,56,115927.51,4,47.6,58.5,No
EMP_2481,IT,37,45253.79,8,35.3,100.0,Yes
EMP_2482,Marketing,33,32400.59,4,48.8,68.1,No
EMP_2483,Marketing,56,65237.05,4,32.8,54.2,No
EMP_2484,Sales,42,35803.13,4,39.4,100.0,Yes
EMP_2485,IT,57,60038.79,4,40.9,59.0,No
EMP_2486,Marketing,38,92980.98,8,35.6,58.4,No
EMP_2487,IT,53,53866.96,7,36.9,61.7,No
EMP_2488,Marketing,27,48128.3,7,44.0,72.5,Yes
EMP_2489,HR,45,42338.03,5,47.2,84.0,No
EMP_2490,IT,48,39064.03,7,29.4,30.3,No
EMP_2491,IT,41,38708.33,4,40.9,83.9,Yes
EMP_2492,Sales,46,50232.52,7,39.4,61.7,No
EMP_2493,Finance,23,57828.0,2,40.5,63.8,Yes
EMP_2494,IT,30,52696.22,2,38.4,95.7,Yes
EMP_2495,IT,49,34423.16,5,33.5,73.2,No
EMP_2496,IT,59,43623.87,5,47.7,76.7,Yes
EMP_2497,HR,24,61369.77,8,45.8,69.3,No
EMP_2498,Marketing,41,42913.98,6,39.5,81.5,Yes
EMP_2499,Marketing,27,45384.3,5,37.6,94.3,Yes
EMP_2500,IT,54,59492.55,8,37.0,32.9,No
EMP_2501,Finance,22,51650.76,5,27.1,86.3,Yes
EMP_2502,Finance,58,40530.46,7,41.8,93.2,Yes
EMP_2503,HR,27,75154.67,4,43.9,77.5,Yes
EMP_2504,Marketing,55,33548.28,7,40.7,59.8,No
EMP_2505,Sales,36,138146.8,6,39.6,52.7,No
EMP_2506,Sales,47,32530.61,5,40.7,100.0,Yes
EMP_2507,Marketing,35,30301.26,3,35.7,56.4,No
EMP_2508,IT,28,74148.94,5,37.5,92.8,Yes
EMP_2509,Finance,52,35619.52,5,39.2,75.9,Yes
EMP_2510,Marketing,45,56164.43,4,43.5,100.0,Yes
EMP_2511,Sales,52,63321.79,1,46.9,65.2,Yes
EMP_2512,Marketing,50,69177.98,6,38.9,45.9,Yes
EMP_2513,IT,53,125576.75,6,34.8,70.0,Yes
EMP_2514,IT,38,36963.93,7,40.2,47.7,No
EMP_2515,HR,35,54774.28,8,50.1,100.0,Yes
EMP_2516,Marketing,57,32452.39,7,35.2,79.4,No
EMP_2517,Sales,45,40444.79,1,44.4,81.7,Yes
EMP_2518,IT,48,67673.77,5,46.7,81.7,Yes
EMP_2519,HR,46,39166.5,4,38.2,59.6,No
EMP_2520,Finance,53,47885.47,8,36.5,68.0,Yes
EMP_2521,HR,39,44014.45,3,42.9,71.7,No
EMP_2522,Sales,39,50766.43,1,41.8,99.2,No
EMP_2523,IT,58,102160.29,2,43.5,52.6,No
EMP_2524,IT,47,31146.98,3,50.4,59.1,Yes
EMP_2525,Finance,30,47064.51,7,40.8,64.6,No
EMP_2526,IT,56,69759.69,4,34.0,59.9,No
EMP_2527,Sales,29,43131.78,7,40.3,48.1,No
EMP_2528,Marketing,41,31635.64,11,41.2,29.4,No
EMP_2529,Sales,43,46444.14,3,46.3,42.6,No
EMP_2530,Marketing,40,38071.55,7,39.0,86.5,No
EMP_2531,HR,51,33367.0,5,38.0,69.9,Yes
EMP_2532,Finance,49,67814.08,9,33.1,82.5,Yes
EMP_2533,IT,56,44746.14,5,42.7,61.3,No
EMP_2534,Sales,32,84143.94,7,56.7,68.5,No
EMP_2535,Finance,52,62799.64,4,38.9,94.2,Yes
EMP_2536,Finance,57,53616.31,3,42.3,93.3,No
EMP_2537,Finance,51,30100.76,5,37.3,84.1,No
EMP_2538,Sales,44,41166.15,4,33.6,73.0,Yes
EMP_2539,Finance,40,34400.13,8,42.2,77.8,Yes
EMP_2540,Finance,33,78337.02,4,40.1,75.6,Yes
EMP_2541,HR,36,33837.36,3,28.1,67.5,No
EMP_2542,Finance,52,36739.13,5,48.1,63.9,Yes
EMP_2543,Finance,58,44548.01,2,42.1,86.8,Yes
EMP_2544,HR,58,36113.22,6,40.4,50.6,No
EMP_2545,Sales,36,34711.02,6,37.9,92.3,Yes
EMP_2546,IT,50,48280.83,3,42.0,65.9,No
EMP_2547,Sales,47,31862.7,4,42.3,50.3,No
EMP_2548,IT,23,31198.56,5,42.0,61.8,No
EMP_2549,IT,41,39312.12,7,45.3,56.9,No
EMP_2550,Sales,36,55506.83,6,46.5,61.4,No
EMP_2551,IT,25,46184.94,3,50.0,61.1,No
EMP_2552,Sales,43,40993.98,6,35.8,60.5,No
EMP_2553,Finance,59,46682.77,3,37.1,65.4,No
EMP_2554,Marketing,44,39096.83,6,41.8,69.0,Yes
EMP_2555,Sales,47,85023.23,2,36.1,81.5,Yes
EMP_2556,Marketing,32,31129.39,3,36.9,66.3,Yes
EMP_2557,IT,49,52379.86,4,42.4,74.9,Yes
EMP_2558,IT,23,74380.08,11,44.5,70.1,No
EMP_2559,Sales,29,62581.05,5,46.4,78.1,Yes
EMP_2560,IT,50,34067.82,4,39.0,70.7,No
EMP_2561,Finance,32,37017.45,3,42.3,60.3,No
EMP_2562,Finance,58,55249.56,2,41.2,56.2,No
EMP_2563,Sales,39,31760.69,7,40.1,73.2,Yes
EMP_2564,Sales,35,63411.56,4,35.9,89.1,Yes
EMP_2565,IT,31,55381.39,1,35.3,66.6,Yes
EMP_2566,IT,56,56157.55,0,43.3,59.5,No
EMP_2567,Sales,30,32112.57,6,35.8,66.2,Yes
EMP_2568,IT,56,55299.99,5,31.1,61.6,No
EMP_2569,Finance,32,52777.32,5,39.8,60.0,No
EMP_2570,Marketing,33,65547.96,9,47.3,48.3,No
EMP_2571,IT,24,30849.72,1,26.0,66.3,Yes
EMP_2572,Marketing,35,30467.64,2,38.6,73.5,Yes
EMP_2573,IT,49,39336.4,5,43.4,53.8,No
EMP_2574,IT,32,33221.89,4,30.9,56.8,No
EMP_2575,Sales,46,46346.31,5,38.9,55.8,No
EMP_2576,HR,42,79862.54,8,34.3,49.2,No
EMP_2577,Marketing,31,39934.5,7,35.0,55.7,No
EMP_2578,HR,36,67280.2,5,38.0,67.0,No
EMP_2579,IT,40,30004.82,6,34.4,49.9,No
EMP_2580,HR,43,33690.83,4,34.0,67.9,No
EMP_2581,Sales,42,30617.92,4,39.7,59.4,No
EMP_2582,Marketing,53,37954.32,5,51.1,56.1,No
EMP_2583,IT,44,77760.59,5,43.8,75.7,No
EMP_2584,IT,34,32039.59,3,45.1,60.4,No
EMP_2585,HR,26,48648.9,6,44.0,62.9,No
EMP_2586,HR,25,42011.21,8,36.5,89.5,Yes
EMP_2587,Sales,49,85764.03,3,41.6,56.2,No
EMP_2588,HR,35,32614.0,6,45.5,93.5,Yes
EMP_2589,Sales,29,34765.85,3,44.1,64.8,No
EMP_2590,Finance,30,30599.74,8,41.0,53.0,No
EMP_2591,Finance,56,41380.94,3,42.6,61.7,No
EMP_2592,Finance,58,36509.97,11,52.3,71.0,Yes
EMP_2593,HR,42,70789.95,8,44.2,88.8,Yes
EMP_2594,IT,39,48574.39,10,38.4,82.0,No
EMP_2595,Sales,54,49043.06,7,39.6,71.0,Yes
EMP_2596,Finance,29,45181.92,9,34.7,88.9,No
EMP_2597,IT,38,31926.92,7,51.7,41.8,No
EMP_2598,IT,52,41776.42,8,48.0,73.7,No
EMP_2599,IT,55,182226.72,8,40.4,74.6,Yes
EMP_2600,Sales,27,66064.01,4,50.9,74.8,Yes
EMP_2601,HR,43,74784.52,5,43.2,45.8,No
EMP_2602,Sales,35,64657.7,6,37.8,54.7,No
EMP_2603,Finance,24,32174.92,5,44.5,67.5,No
EMP_2604,IT,33,35161.13,2,42.0,86.7,No
EMP_2605,Sales,57,30062.53,5,44.2,98.7,Yes
EMP_2606,IT,33,37234.04,3,33.2,60.0,No
EMP_2607,Sales,23,32299.41,7,35.9,50.4,Yes
EMP_2608,IT,23,42803.25,1,47.4,82.2,Yes
EMP_2609,Finance,36,52609.95,1,48.5,100.0,Yes
EMP_2610,Sales,44,71509.83,3,47.1,86.6,Yes
EMP_2611,Finance,50,57663.36,2,51.1,58.8,No
EMP_2612,Sales,38,85802.22,5,42.9,100.0,Yes
EMP_2613,Sales,53,31108.1,0,42.5,80.3,Yes
EMP_2614,Finance,28,30245.09,4,35.4,58.1,No
EMP_2615,IT,51,51655.06,4,37.1,99.0,Yes
EMP_2616,Sales,49,36831.57,3,30.1,57.0,No
EMP_2617,IT,35,35847.22,2,38.4,60.7,No
EMP_2618,IT,51,38036.05,5,29.7,80.9,No
EMP_2619,Finance,38,36288.63,5,45.4,69.6,No
EMP_2620,IT,53,44325.71,3,41.9,70.6,Yes
EMP_2621,Finance,27,41601.67,2,29.9,70.6,No
EMP_2622,Marketing,45,44366.37,6,39.1,86.7,No
EMP_2623,IT,27,52338.39,2,49.8,35.1,No
EMP_2624,Marketing,48,39792.07,7,39.4,74.3,Yes
EMP_2625,IT,39,35788.54,5,35.0,65.6,No
EMP_2626,Marketing,45,33635.25,10,31.1,58.7,No
EMP_2627,Sales,58,38599.48,2,31.2,58.7,No
EMP_2628,HR,45,57080.92,6,42.7,30.4,No
EMP_2629,IT,59,58269.6,6,37.8,58.0,No
EMP_2630,IT,55,51986.57,6,38.2,89.4,Yes
EMP_2631,HR,36,35332.2,4,37.9,82.5,Yes
EMP_2632,Finance,32,47738.83,6,39.3,67.1,Yes
EMP_2633,Sales,43,46911.5,6,33.9,48.8,No
EMP_2634,Sales,45,43243.29,2,41.6,82.3,Yes
EMP_2635,Finance,22,45969.22,3,32.9,89.6,Yes
EMP_2636,HR,39,43537.24,3,36.2,85.5,No
EMP_2637,Marketing,33,46669.18,6,45.1,55.5,No
EMP_2638,Finance,49,55140.86,2,41.9,57.0,No
EMP_2639,Marketing,28,32322.32,5,43.4,94.8,Yes
EMP_2640,Finance,44,57695.97,3,50.8,51.9,Yes
EMP_2641,IT,42,32921.01,8,39.7,77.2,Yes
EMP_2642,Sales,55,31379.03,3,40.1,43.3,No
EMP_2643,Finance,32,104660.54,7,38.7,65.5,No
EMP_2644,HR,43,92927.28,2,37.8,78.8,No
EMP_2645,Sales,56,31246.8,4,34.9,69.6,No
EMP_2646,IT,50,41712.9,3,40.4,77.9,Yes
EMP_2647,Marketing,49,34121.92,6,41.8,51.6,No
EMP_2648,IT,39,43285.17,5,42.1,57.7,No
EMP_2649,IT,35,65460.0,2,40.3,77.2,Yes
EMP_2650,IT,39,90160.86,12,44.6,80.5,No
EMP_2651,Sales,49,50116.25,1,40.1,73.3,Yes
EMP_2652,IT,45,38736.2,4,38.0,84.2,Yes
EMP_2653,IT,29,48492.79,6,35.4,45.1,No
EMP_2654,Sales,29,37479.37,4,32.3,63.0,No
EMP_2655,Finance,25,78119.76,7,47.3,97.3,Yes
EMP_2656,IT,48,70866.12,5,36.5,89.3,Yes
EMP_2657,Finance,57,46339.4,4,35.4,79.5,No
EMP_2658,Marketing,26,37854.89,7,37.9,67.7,No
EMP_2659,Sales,54,36945.52,7,38.6,85.5,Yes
EMP_2660,HR,55,30679.78,2,48.2,76.4,No
EMP_2661,IT,51,63836.93,5,38.4,47.2,No
EMP_2662,Marketing,29,41970.68,3,53.2,84.9,Yes
EMP_2663,Sales,47,37864.79,4,40.3,57.0,No
EMP_2664,HR,58,42739.51,5,50.3,81.4,No
EMP_2665,HR,55,64156.23,7,44.5,45.8,No
EMP_2666,IT,28,32661.81,6,41.8,94.0,Yes
EMP_2667,Sales,49,68990.17,3,47.9,65.9,Yes
EMP_2668,HR,49,75559.57,6,45.6,53.4,No
EMP_2669,Finance,35,88639.35,3,43.2,59.7,Yes
EMP_2670,IT,59,40132.95,4,51.6,64.9,No
EMP_2671,HR,25,34896.04,5,37.5,69.9,Yes
EMP_2672,IT,39,39356.63,4,35.0,89.8,Yes
EMP_2673,Finance,46,38096.67,5,36.6,71.1,Yes
EMP_2674,Sales,28,33875.43,4,48.8,37.4,No
EMP_2675,Marketing,59,48692.49,9,47.3,51.6,No
EMP_2676,IT,49,42949.11,6,37.4,100.0,Yes
EMP_2677,IT,26,70153.73,1,28.2,72.0,Yes
EMP_2678,Sales,24,30652.73,5,39.0,84.3,Yes
EMP_2679,Sales,52,50649.07,7,34.9,65.4,Yes
EMP_2680,IT,41,58789.59,2,37.5,54.9,Yes
EMP_2681,IT,40,58499.59,4,34.7,62.8,Yes
EMP_2682,Finance,32,73444.12,4,32.0,71.9,No
EMP_2683,Sales,24,56115.22,2,49.4,63.1,No
EMP_2684,IT,44,82569.09,4,36.6,98.8,Yes
EMP_2685,IT,28,38089.01,6,47.1,60.8,No
EMP_2686,Sales,44,43991.73,3,38.9,54.2,No
EMP_2687,Sales,28,30283.59,4,34.3,82.1,No
EMP_2688,IT,55,30139.64,2,42.5,84.0,Yes
EMP_2689,IT,40,35492.07,6,38.0,70.4,No
EMP_2690,IT,30,32125.16,3,39.0,61.0,No
EMP_2691,IT,39,36027.82,4,40.7,41.5,No
EMP_2692,HR,46,33897.03,4,35.9,88.3,No
EMP_2693,Sales,35,30578.69,4,31.9,83.0,Yes
EMP_2694,IT,46,78004.87,4,39.7,63.4,No
EMP_2695,Marketing,40,30165.14,6,44.8,70.9,No
EMP_2696,IT,36,56642.35,4,35.5,66.6,Yes
EMP_2697,HR,37,33300.98,7,40.8,94.4,Yes
EMP_2698,IT,48,78660.62,4,47.5,54.4,No
EMP_2699,Finance,31,74660.42,3,39.6,60.7,No
EMP_2700,Finance,25,51220.62,2,40.4,59.2,No
EMP_2701,IT,40,52309.12,4,40.3,74.7,No
EMP_2702,Marketing,49,30107.07,3,36.6,70.8,Yes
EMP_2703,Sales,42,113823.59,1,35.0,73.0,Yes
EMP_2704,Sales,35,72047.26,4,35.1,56.8,Yes
EMP_2705,Finance,54,75096.14,5,41.8,92.3,Yes
EMP_2706,Finance,31,51531.8,5,43.8,63.2,Yes
EMP_2707,Sales,40,38455.9,4,44.0,87.8,Yes
EMP_2708,IT,51,74820.14,3,38.1,100.0,Yes
EMP_2709,Sales,43,36892.58,3,45.5,56.9,No
EMP_2710,IT,24,46543.24,6,41.5,75.1,No
EMP_2711,Finance,58,32101.23,1,40.4,68.0,No
EMP_2712,IT,39,81009.56,5,23.3,100.0,Yes
EMP_2713,IT,32,33034.38,4,35.9,65.8,No
EMP_2714,IT,23,35095.18,6,32.4,73.7,No
EMP_2715,Sales,33,46334.98,6,43.1,73.4,Yes
EMP_2716,IT,27,58886.35,8,40.5,68.5,Yes
EMP_2717,HR,50,49317.57,4,34.6,81.3,Yes
EMP_2718,Marketing,51,35282.8,1,41.5,71.4,No
EMP_2719,Finance,23,30018.87,7,32.9,77.2,Yes
EMP_2720,Sales,30,58306.27,9,34.8,73.2,Yes
EMP_2721,Marketing,23,114272.46,2,36.4,60.9,Yes
EMP_2722,Finance,50,63205.48,5,42.7,66.0,Yes
EMP_2723,Finance,54,42331.38,6,47.0,78.3,Yes
EMP_2724,IT,31,76819.71,2,37.1,78.3,Yes
EMP_2725,IT,55,40547.49,10,46.6,88.7,Yes
EMP_2726,IT,29,44886.03,5,40.2,97.9,Yes
EMP_2727,Sales,58,42968.44,2,41.2,62.2,No
EMP_2728,Sales,54,41870.52,5,39.7,72.0,No
EMP_2729,Sales,27,59850.06,7,39.0,67.1,No
EMP_2730,IT,40,44963.43,5,42.2,53.4,No
EMP_2731,Finance,53,37616.93,5,43.7,78.5,No
EMP_2732,IT,48,35972.38,3,35.6,81.7,Yes
EMP_2733,Sales,22,30769.56,7,39.1,53.8,Yes
EMP_2734,Marketing,54,47502.74,2,48.3,64.4,Yes
EMP_2735,Marketing,53,35226.29,11,40.9,62.9,No
EMP_2736,Finance,26,33206.52,6,41.4,47.4,No
EMP_2737,Marketing,38,51216.5,5,45.8,69.5,Yes
EMP_2738,IT,29,52864.41,6,37.5,52.8,No
EMP_2739,Marketing,55,57899.03,4,39.8,72.4,No
EMP_2740,Sales,30,44006.53,4,44.1,74.0,No
EMP_2741,IT,44,74896.63,5,46.2,75.9,Yes
EMP_2742,Sales,56,85084.84,5,28.2,76.6,Yes
EMP_2743,Sales,28,62939.78,1,36.3,93.0,Yes
EMP_2744,Sales,36,50189.7,7,35.0,57.9,Yes
EMP_2745,HR,41,37240.1,9,39.4,58.6,No
EMP_2746,Finance,46,111426.15,6,35.4,79.8,No
EMP_2747,HR,24,36407.86,6,43.3,68.0,No
EMP_2748,Sales,45,34529.4,3,40.9,86.9,No
EMP_2749,Finance,55,41673.45,6,44.4,78.4,Yes
EMP_2750,HR,43,31170.4,8,44.8,98.8,Yes
EMP_2751,IT,32,106788.9,8,43.4,68.6,No
EMP_2752,HR,29,47755.7,8,38.3,47.8,No
EMP_2753,IT,56,46281.55,6,40.5,75.1,No
EMP_2754,IT,59,51330.43,4,37.7,68.9,No
EMP_2755,Marketing,29,43744.24,3,33.2,78.0,No
EMP_2756,IT,58,30651.78,5,44.8,79.9,Yes
EMP_2757,IT,48,48951.05,5,39.6,62.0,No
EMP_2758,Marketing,49,55187.87,3,32.5,54.9,No
EMP_2759,Finance,55,40782.76,4,42.7,67.8,No
EMP_2760,Sales,53,58318.22,6,38.9,34.3,No
EMP_2761,Sales,36,35149.56,4,29.7,71.2,Yes
EMP_2762,Sales,38,35001.99,6,33.1,63.9,No
EMP_2763,HR,54,33520.83,3,36.5,82.9,No
EMP_2764,IT,37,39304.14,3,41.1,40.2,No
EMP_2765,Sales,50,67547.92,4,43.9,70.1,No
EMP_2766,Marketing,30,65194.99,5,43.8,93.6,Yes
EMP_2767,IT,54,39652.03,3,43.0,80.1,Yes
EMP_2768,Sales,50,47789.02,9,39.8,84.7,Yes
EMP_2769,IT,34,55517.71,3,48.6,75.1,No
EMP_2770,HR,42,35520.52,4,43.5,45.1,No
EMP_2771,Sales,42,33681.85,5,41.1,72.5,Yes
EMP_2772,IT,26,101579.7,1,42.8,76.1,No
EMP_2773,Finance,31,49223.53,2,38.0,53.8,No
EMP_2774,IT,27,109708.79,5,39.7,68.1,No
EMP_2775,IT,34,38242.42,6,29.6,26.5,No
EMP_2776,IT,22,54282.6,3,38.1,65.0,No
EMP_2777,Sales,41,35036.1,5,48.8,63.5,No
EMP_2778,Sales,29,36054.57,5,40.7,91.0,Yes
EMP_2779,IT,31,44344.79,6,40.5,61.0,No
EMP_2780,Sales,30,37702.02,1,45.0,66.0,No
EMP_2781,Sales,24,33669.36,6,41.8,68.8,Yes
EMP_2782,Finance,32,36100.11,5,36.1,61.1,No
EMP_2783,Marketing,33,30728.06,7,40.1,80.8,No
EMP_2784,Finance,31,54376.56,2,34.3,40.1,No
EMP_2785,Marketing,46,43550.07,2,40.9,87.0,Yes
EMP_2786,Sales,46,31979.69,3,35.8,69.8,Yes
EMP_2787,Marketing,32,33767.45,2,44.6,89.5,Yes
EMP_2788,Sales,57,32163.61,4,37.4,28.8,No
EMP_2789,Marketing,47,48965.58,3,35.9,33.5,No
EMP_2790,Marketing,35,31978.96,5,39.4,65.6,Yes
EMP_2791,Finance,22,58071.44,5,41.8,77.6,Yes
EMP_2792,Marketing,25,30414.48,5,34.0,61.7,Yes
EMP_2793,HR,51,35737.0,7,37.4,78.8,Yes
EMP_2794,IT,33,74267.08,4,40.5,84.7,No
EMP_2795,IT,56,55354.68,4,46.7,80.0,No
EMP_2796,HR,34,31515.35,3,27.4,71.5,Yes
EMP_2797,Sales,52,64421.48,6,43.1,71.4,No
EMP_2798,HR,59,43586.27,4,38.1,60.8,No
EMP_2799,Marketing,44,67518.0,5,37.5,69.2,Yes
EMP_2800,Sales,25,48362.84,5,36.6,54.6,No
EMP_2801,Finance,37,52903.58,7,38.2,58.2,No
EMP_2802,Marketing,28,130723.86,3,43.1,77.7,Yes
EMP_2803,Marketing,43,35288.05,7,37.3,63.1,No
EMP_2804,Marketing,50,49560.43,3,48.3,58.9,No
EMP_2805,IT,32,42335.63,6,43.1,76.7,Yes
EMP_2806,Marketing,54,30805.03,6,41.0,75.7,Yes
EMP_2807,Finance,50,30291.53,3,39.2,66.8,No
EMP_2808,Sales,33,32539.14,5,45.9,67.8,Yes
EMP_2809,IT,28,50944.61,4,46.7,76.2,No
EMP_2810,Finance,47,46747.89,7,34.2,84.5,Yes
EMP_2811,Sales,30,46123.16,6,36.5,73.0,No
EMP_2812,HR,55,30647.5,4,43.2,52.1,No
EMP_2813,HR,34,42671.28,3,44.7,66.7,No
EMP_2814,Sales,57,81705.01,4,38.5,63.9,Yes
EMP_2815,HR,46,40136.4,3,36.3,54.2,No
EMP_2816,Finance,45,49612.45,10,40.4,77.5,Yes
EMP_2817,IT,38,60266.08,4,47.4,78.6,Yes
EMP_2818,Sales,23,60642.62,1,40.2,80.9,Yes
EMP_2819,Sales,34,44649.41,3,33.7,55.1,No
EMP_2820,IT,52,69031.8,4,40.5,72.4,Yes
EMP_2821,Marketing,50,39931.16,4,43.9,69.9,Yes
EMP_2822,Sales,49,73909.3,4,39.5,74.6,Yes
EMP_2823,HR,48,35494.72,5,46.3,71.9,No
EMP_2824,Sales,36,36576.09,5,44.3,69.8,No
EMP_2825,IT,52,31091.67,7,39.7,68.0,No
EMP_2826,Finance,36,61751.75,5,40.2,86.6,No
EMP_2827,Finance,54,40793.26,11,30.8,57.1,No
EMP_2828,Sales,41,35204.36,4,46.1,67.4,Yes
EMP_2829,IT,33,35273.85,3,38.4,86.2,Yes
EMP_2830,Sales,58,76333.67,4,38.0,57.8,No
EMP_2831,IT,30,65905.3,0,37.3,58.6,No
EMP_2832,HR,44,46127.7,6,42.3,81.0,No
EMP_2833,Sales,29,49148.03,7,34.4,48.6,No
EMP_2834,IT,53,42861.46,1,35.1,79.9,Yes
EMP_2835,IT,35,39940.64,5,39.7,62.7,No
EMP_2836,Marketing,48,79414.6,6,36.9,76.2,Yes
EMP_2837,Marketing,46,32684.64,4,41.7,51.7,No
EMP_2838,Sales,34,40841.06,3,37.1,87.8,Yes
EMP_2839,Finance,42,38449.03,3,48.0,51.7,No
EMP_2840,IT,52,43789.11,3,43.5,80.9,Yes
EMP_2841,IT,58,42236.21,4,43.4,52.4,No
EMP_2842,Finance,26,44633.17,6,37.0,97.1,Yes
EMP_2843,Marketing,34,33014.57,3,52.0,68.9,No
EMP_2844,Marketing,49,44395.64,4,37.8,99.3,Yes
EMP_2845,HR,46,35552.49,6,36.4,57.7,No
EMP_2846,IT,56,34074.94,5,43.5,63.4,No
EMP_2847,Finance,28,31340.63,7,41.0,88.2,Yes
EMP_2848,IT,59,58764.6,5,35.9,48.6,No
EMP_2849,HR,53,41152.82,1,51.0,59.5,No
EMP_2850,IT,24,49704.44,8,44.9,77.4,Yes
EMP_2851,HR,58,56009.19,6,40.0,54.7,No
EMP_2852,Sales,43,52746.02,4,52.0,77.8,Yes
EMP_2853,Sales,29,42716.47,10,44.1,72.6,No
EMP_2854,Marketing,38,39817.14,3,39.9,47.3,No
EMP_2855,Sales,48,39430.81,5,51.4,84.5,Yes
EMP_2856,IT,54,50435.74,6,43.3,51.1,No
EMP_2857,Sales,38,43655.79,5,43.1,81.6,No
EMP_2858,Sales,33,67827.03,7,38.1,71.9,Yes
EMP_2859,Sales,48,71541.21,6,40.2,63.2,No
EMP_2860,Sales,29,33740.1,3,37.9,53.4,Yes
EMP_2861,Marketing,44,32929.06,8,47.2,74.9,Yes
EMP_2862,IT,50,49906.73,6,32.0,56.9,No
EMP_2863,Marketing,41,37168.55,7,46.8,88.1,Yes
EMP_2864,HR,37,30374.91,6,35.6,88.7,Yes
EMP_2865,IT,38,73900.22,4,39.7,94.6,Yes
EMP_2866,HR,37,35146.96,6,38.5,74.2,No
EMP_2867,IT,40,82980.72,6,37.4,63.9,No
EMP_2868,Finance,29,55276.89,4,43.4,65.5,Yes
EMP_2869,IT,59,58764.68,3,40.0,64.4,No
EMP_2870,IT,59,34499.44,6,36.7,73.7,No
EMP_2871,Marketing,50,35336.54,2,40.8,76.5,No
EMP_2872,Marketing,57,44732.28,7,36.5,88.5,Yes
EMP_2873,Marketing,47,33777.25,6,37.3,70.3,Yes
EMP_2874,IT,52,37289.3,2,32.5,49.0,No
EMP_2875,Finance,33,37756.31,6,37.7,63.9,No
EMP_2876,IT,38,33478.26,3,42.5,93.3,No
EMP_2877,IT,36,34592.86,5,40.2,46.7,No
EMP_2878,Sales,30,61075.51,6,49.1,81.1,Yes
EMP_2879,HR,33,33659.14,3,53.1,64.1,No
EMP_2880,Sales,53,30577.4,6,37.7,56.7,No
EMP_2881,IT,46,49850.21,7,35.8,75.9,No
EMP_2882,Marketing,39,104579.97,4,45.6,93.4,Yes
EMP_2883,Sales,36,38045.82,3,41.7,75.1,Yes
EMP_2884,Sales,53,32526.14,9,45.7,66.1,Yes
EMP_2885,Sales,27,46897.42,7,42.0,50.6,Yes
EMP_2886,Marketing,56,77364.72,6,39.0,68.5,Yes
EMP_2887,IT,55,60655.26,11,39.1,50.0,No
EMP_2888,IT,59,49484.53,1,42.2,65.4,Yes
EMP_2889,Finance,26,37568.38,7,38.9,69.1,No
EMP_2890,Finance,39,45612.49,7,46.1,34.6,No
EMP_2891,IT,37,31913.59,4,33.5,90.8,Yes
EMP_2892,HR,29,52722.88,4,46.1,51.4,No
EMP_2893,Finance,46,55826.67,2,30.6,67.2,Yes
EMP_2894,HR,53,97066.22,6,40.7,78.0,No
EMP_2895,Sales,47,36032.84,5,38.3,89.6,Yes
EMP_2896,Marketing,43,30372.58,6,32.4,58.1,No
EMP_2897,IT,52,45775.92,9,29.7,32.4,No
EMP_2898,IT,31,54537.36,6,34.5,86.2,Yes
EMP_2899,IT,33,61251.8,6,40.2,51.3,No
EMP_2900,Sales,49,34306.95,7,37.0,75.4,Yes
EMP_2901,Sales,27,36069.53,6,34.8,76.3,Yes
EMP_2902,Finance,41,44373.03,8,46.8,21.2,No
EMP_2903,Sales,26,38027.49,2,33.8,45.8,No
EMP_2904,IT,44,69395.46,5,43.4,63.1,Yes
EMP_2905,IT,30,42839.96,10,35.6,31.2,No
EMP_2906,Sales,50,62146.67,3,34.4,49.9,No
EMP_2907,Marketing,37,47379.55,6,37.0,71.8,Yes
EMP_2908,Sales,43,59664.05,6,43.1,68.7,No
EMP_2909,IT,29,38089.5,7,33.1,74.5,No
EMP_2910,IT,41,65606.5,3,41.4,76.7,No
EMP_2911,Sales,35,36419.88,10,35.2,44.8,No
EMP_2912,Sales,58,45797.51,4,36.1,50.7,No
EMP_2913,Finance,55,34816.15,5,42.0,81.4,Yes
EMP_2914,Marketing,32,42907.21,1,50.9,92.9,No
EMP_2915,Sales,54,37659.65,4,35.4,55.5,No
EMP_2916,HR,52,36204.1,4,43.6,73.9,No
EMP_2917,Finance,55,98215.88,6,38.4,82.1,No
EMP_2918,Finance,28,33488.83,2,37.6,73.6,No
EMP_2919,IT,44,60959.88,5,45.4,66.3,Yes
EMP_2920,IT,28,112910.6,5,35.8,60.4,No
EMP_2921,IT,46,30402.04,5,34.2,99.8,Yes
EMP_2922,Finance,24,54014.72,7,42.3,71.4,No
EMP_2923,Finance,59,35831.44,7,48.0,75.8,Yes
EMP_2924,Sales,41,30826.61,6,43.7,74.9,No
EMP_2925,IT,55,40313.06,4,33.0,57.8,Yes
EMP_2926,Marketing,51,84734.49,5,36.9,70.8,Yes
EMP_2927,Finance,38,30236.7,2,44.9,65.2,Yes
EMP_2928,Marketing,31,47729.09,4,47.9,64.9,No
EMP_2929,Finance,56,43918.88,9,41.1,74.8,Yes
EMP_2930,IT,41,71331.95,6,37.1,56.3,No
EMP_2931,HR,39,31754.82,4,48.2,51.9,No
EMP_2932,HR,48,52884.29,8,39.6,77.5,No
EMP_2933,Sales,57,52795.54,5,37.0,62.0,No
EMP_2934,IT,44,52117.57,8,36.1,64.8,No
EMP_2935,Finance,53,87061.92,3,34.0,41.1,No
EMP_2936,Sales,31,64642.0,3,54.2,84.4,Yes
EMP_2937,Finance,32,30857.58,3,47.1,77.9,No
EMP_2938,HR,59,42738.47,5,36.7,80.6,Yes
EMP_2939,Marketing,27,40148.4,8,48.7,75.8,Yes
EMP_2940,Sales,55,37425.54,9,42.7,47.3,No
EMP_2941,IT,57,42005.41,7,42.4,73.4,Yes
EMP_2942,HR,58,39696.47,4,36.4,60.9,No
EMP_2943,IT,38,41324.44,6,37.4,55.6,No
EMP_2944,Finance,33,107515.62,7,39.8,77.5,No
EMP_2945,Finance,42,31856.19,2,30.2,94.9,Yes
EMP_2946,Sales,40,81080.21,3,37.6,92.4,Yes
EMP_2947,IT,24,43087.64,2,40.0,79.3,No
EMP_2948,IT,39,49549.62,4,46.5,69.5,Yes
EMP_2949,IT,40,65460.67,5,36.9,66.8,No
EMP_2950,Marketing,27,38940.22,6,44.1,56.4,No
EMP_2951,Finance,37,41257.19,4,29.7,66.0,No
EMP_2952,HR,29,40536.34,0,45.8,83.6,Yes
EMP_2953,Finance,39,39391.47,6,35.5,97.3,No
EMP_2954,IT,33,81947.0,4,40.7,57.8,No
EMP_2955,Marketing,31,65313.64,3,42.0,40.1,No
EMP_2956,HR,28,32308.22,5,41.1,62.0,No
EMP_2957,Finance,22,32288.55,6,39.5,83.6,Yes
EMP_2958,Marketing,57,41167.76,4,33.8,100.0,Yes
EMP_2959,IT,42,32077.4,5,35.6,89.7,No
EMP_2960,Finance,58,49304.01,4,45.0,89.3,Yes
EMP_2961,Sales,45,33102.49,4,37.0,57.3,No
EMP_2962,IT,46,44778.51,4,39.5,57.7,No
EMP_2963,IT,28,30144.92,1,32.5,50.1,No
EMP_2964,Marketing,38,37613.39,6,44.3,60.0,No
EMP_2965,Marketing,50,52613.87,5,33.4,83.7,Yes
EMP_2966,Finance,51,43234.48,4,44.6,94.4,Yes
EMP_2967,Finance,28,106580.76,6,34.7,75.2,Yes
EMP_2968,HR,54,71445.95,5,45.1,66.2,No
EMP_2969,Marketing,28,38896.72,1,40.1,54.0,No
EMP_2970,IT,45,30931.07,3,37.2,68.3,No
EMP_2971,IT,32,67367.58,6,48.0,73.0,No
EMP_2972,Sales,30,78435.1,5,39.7,48.1,No
EMP_2973,Finance,33,64365.8,2,38.2,83.8,Yes
EMP_2974,Finance,56,32738.17,6,44.5,63.6,No
EMP_2975,IT,25,153461.02,6,32.6,82.9,Yes
EMP_2976,Sales,57,35983.87,4,27.4,69.8,No
EMP_2977,Finance,49,55761.94,5,45.8,74.5,Yes
EMP_2978,Sales,34,77726.92,2,35.8,59.5,No
EMP_2979,Finance,44,35375.56,9,44.3,64.8,Yes
EMP_2980,Marketing,40,77775.62,4,40.2,79.6,No
EMP_2981,IT,58,37406.25,2,34.2,68.0,No
EMP_2982,Sales,45,104941.38,1,43.0,53.4,No
EMP_2983,Finance,37,36605.11,5,37.9,71.7,Yes
EMP_2984,Finance,54,91338.48,2,34.6,75.8,Yes
EMP_2985,IT,33,31100.63,8,34.7,90.6,Yes
EMP_2986,Marketing,55,54707.34,6,31.3,87.3,Yes
EMP_2987,Sales,28,45190.49,4,42.0,69.0,Yes
EMP_2988,IT,32,42997.04,3,35.3,61.8,No
EMP_2989,Finance,52,35059.03,8,39.8,66.6,No
EMP_2990,Marketing,50,54456.03,0,39.1,62.1,No
EMP_2991,Sales,34,34234.42,4,35.3,77.6,Yes
EMP_2992,Finance,52,46096.86,2,32.4,85.6,Yes
EMP_2993,HR,23,35840.37,7,52.7,88.6,Yes
EMP_2994,IT,36,92299.95,2,39.8,63.8,No
EMP_2995,Sales,32,30580.98,4,49.1,62.3,Yes
EMP_2996,Marketing,55,34456.08,5,45.8,63.7,No
EMP_2997,Sales,25,35549.63,7,38.4,41.0,No
EMP_2998,IT,32,40691.02,1,40.9,52.0,No
EMP_2999,IT,50,35298.34,5,40.8,69.5,No
EMP_3000,Marketing,23,43519.87,6,49.2,75.7,No
EMP_3001,HR,37,71187.37,2,44.1,77.4,Yes
EMP_3002,Finance,34,54900.3,3,36.0,58.3,No
EMP_3003,IT,58,47348.2,1,41.8,62.6,Yes
EMP_3004,HR,38,31864.32,7,44.0,66.0,No
EMP_3005,HR,42,53682.89,3,34.1,64.3,No
EMP_3006,Finance,40,33640.37,6,42.5,80.3,Yes
EMP_3007,Marketing,28,60869.95,4,46.7,50.4,No
EMP_3008,Sales,59,35755.16,4,35.7,52.8,No
EMP_3009,HR,29,40793.03,9,36.4,65.5,No
EMP_3010,Sales,34,38630.13,11,45.8,49.5,No
EMP_3011,IT,58,69153.53,8,38.2,41.5,No
EMP_3012,IT,23,32705.96,7,35.1,47.6,No
EMP_3013,IT,32,46677.86,5,44.4,66.4,Yes
EMP_3014,IT,45,33064.46,5,42.9,79.5,Yes
EMP_3015,HR,27,54401.76,8,40.5,79.8,No
EMP_3016,IT,47,77094.02,6,45.6,93.8,Yes
EMP_3017,Finance,28,41404.71,5,46.0,71.5,No
EMP_3018,IT,40,43392.22,6,39.6,73.5,Yes
EMP_3019,Sales,27,82462.1,4,49.9,66.2,Yes
EMP_3020,Finance,50,44720.73,5,47.9,67.0,No
EMP_3021,IT,23,43372.93,4,30.1,100.0,Yes
EMP_3022,IT,40,47270.6,3,34.8,73.9,Yes
EMP_3023,HR,25,53374.03,5,28.7,75.2,No
EMP_3024,IT,27,32260.76,7,38.4,52.8,Yes
EMP_3025,Sales,58,64419.74,6,33.9,76.2,No
EMP_3026,IT,49,41436.48,8,35.9,79.9,Yes
EMP_3027,Marketing,51,31501.98,6,45.5,86.7,Yes
EMP_3028,HR,28,60852.66,6,31.2,79.5,Yes
EMP_3029,HR,30,39462.57,4,40.6,68.1,Yes
EMP_3030,HR,46,32115.38,3,40.6,67.5,Yes
EMP_3031,Sales,54,50090.37,5,39.6,68.9,No
EMP_3032,IT,22,72427.17,8,40.7,71.6,No
EMP_3033,Finance,27,73741.16,6,28.8,89.0,Yes
EMP_3034,Sales,39,93242.1,5,36.0,86.1,Yes
EMP_3035,IT,31,70454.49,6,47.7,81.3,Yes
EMP_3036,IT,49,30042.86,9,34.0,100.0,Yes
EMP_3037,IT,32,39568.5,9,48.3,30.2,No
EMP_3038,Marketing,54,64134.69,6,33.0,63.1,No
EMP_3039,Sales,22,39122.11,4,32.4,69.8,No
EMP_3040,IT,34,48403.39,5,35.2,59.9,No
EMP_3041,Sales,58,48644.18,4,45.6,56.1,No
EMP_3042,Marketing,41,39083.4,3,37.3,44.2,No
EMP_3043,Sales,22,76967.12,10,41.7,65.3,Yes
EMP_3044,IT,24,43992.5,3,40.4,83.4,Yes
EMP_3045,Finance,39,42501.71,7,39.7,81.6,No
EMP_3046,Finance,35,149939.56,9,46.4,58.7,Yes
EMP_3047,IT,52,43604.63,2,43.9,73.3,No
EMP_3048,IT,48,33929.99,7,34.3,90.4,No
EMP_3049,IT,38,44392.67,3,38.6,47.2,Yes
EMP_3050,IT,50,63641.97,8,48.7,67.6,No
EMP_3051,Sales,57,59999.15,8,41.6,74.3,Yes
EMP_3052,IT,58,61078.34,4,32.5,70.2,Yes
EMP_3053,IT,47,54621.66,6,32.8,82.8,Yes
EMP_3054,IT,38,35866.43,4,44.5,47.5,No
EMP_3055,HR,43,69622.22,4,43.5,54.9,No
EMP_3056,Marketing,46,74781.59,5,35.4,80.2,No
EMP_3057,HR,23,34317.22,5,43.7,44.5,No
EMP_3058,Sales,43,32795.72,7,48.0,82.2,No
EMP_3059,Sales,26,104267.52,3,47.3,76.7,No
EMP_3060,Marketing,25,70548.21,3,48.0,81.1,Yes
EMP_3061,IT,57,74742.72,2,42.8,63.0,No
EMP_3062,Sales,27,73497.28,3,39.1,77.6,Yes
EMP_3063,HR,42,45604.05,3,38.0,52.4,No
EMP_3064,HR,34,50791.88,4,39.9,63.8,No
EMP_3065,HR,58,45765.11,3,35.6,70.5,No
EMP_3066,IT,46,31051.28,6,38.2,56.5,Yes
EMP_3067,Sales,47,57369.33,6,46.4,73.3,Yes
EMP_3068,Marketing,41,44077.37,7,32.0,52.8,No
EMP_3069,IT,54,50865.96,8,32.3,74.0,No
EMP_3070,HR,35,43968.82,4,44.2,96.1,Yes
EMP_3071,Finance,57,43538.05,4,38.2,51.2,No
EMP_3072,HR,38,33769.75,5,30.4,69.7,Yes
EMP_3073,IT,42,36534.38,6,39.7,45.7,Yes
EMP_3074,IT,37,33459.77,7,39.0,57.5,No
EMP_3075,HR,37,34354.82,10,37.8,80.5,Yes
EMP_3076,Marketing,41,102221.62,3,43.4,63.5,No
EMP_3077,Marketing,50,33323.77,3,33.3,81.1,Yes
EMP_3078,Sales,49,36274.24,4,40.1,75.3,Yes
EMP_3079,Sales,29,47860.75,2,38.9,69.0,No
EMP_3080,Marketing,45,48841.33,1,40.2,54.6,No
EMP_3081,Finance,24,33344.11,4,31.3,80.3,No
EMP_3082,Marketing,46,61570.17,6,37.4,74.6,No
EMP_3083,Sales,40,60761.23,4,40.1,47.1,No
EMP_3084,HR,54,35418.27,6,42.7,55.5,No
EMP_3085,Finance,23,36812.27,5,49.2,28.5,No
EMP_3086,HR,36,85608.5,3,44.0,49.5,No
EMP_3087,IT,43,64936.27,5,42.3,65.3,No
EMP_3088,Sales,31,53933.13,10,46.4,54.2,No
EMP_3089,HR,39,31716.24,2,38.5,57.5,No
EMP_3090,IT,43,40834.77,8,47.8,90.9,Yes
EMP_3091,IT,48,46387.9,4,45.6,85.4,Yes
EMP_3092,Marketing,34,34150.6,6,37.8,59.6,No
EMP_3093,IT,54,41892.36,2,49.6,81.9,Yes
EMP_3094,Finance,26,48377.17,4,42.2,88.2,Yes
EMP_3095,Sales,47,37931.4,7,51.0,79.3,Yes
EMP_3096,HR,34,60368.63,6,41.5,74.5,Yes
EMP_3097,Marketing,48,66707.91,3,37.2,86.5,Yes
EMP_3098,Sales,35,37819.69,4,36.2,81.5,Yes
EMP_3099,Sales,45,66484.47,4,38.2,51.8,No
EMP_3100,IT,24,32186.85,7,37.1,67.2,No
EMP_3101,Sales,51,66369.76,5,46.4,61.7,No
EMP_3102,Finance,56,33315.2,7,39.9,87.3,Yes
EMP_3103,Marketing,35,31731.37,4,31.9,61.3,No
EMP_3104,IT,33,50531.9,3,41.1,58.7,No
EMP_3105,IT,49,42770.81,3,40.6,85.4,Yes
EMP_3106,IT,50,77695.57,3,37.7,73.9,Yes
EMP_3107,Finance,38,39025.65,3,41.3,100.0,Yes
EMP_3108,Sales,42,36769.75,4,39.8,57.1,No
EMP_3109,HR,44,43892.36,6,43.2,62.2,Yes
EMP_3110,HR,41,42174.14,4,42.9,86.8,Yes
EMP_3111,HR,32,38444.94,11,41.8,50.8,No
EMP_3112,Sales,55,53666.5,3,33.5,89.8,Yes
EMP_3113,Finance,31,58505.85,6,50.6,51.9,No
EMP_3114,Sales,31,68344.27,1,32.2,79.2,Yes
EMP_3115,Sales,27,102132.43,10,39.4,42.4,No
EMP_3116,Marketing,57,36202.81,4,34.5,70.7,No
EMP_3117,Finance,45,55182.21,5,42.0,49.5,No
EMP_3118,Sales,33,40026.03,3,40.7,98.9,Yes
EMP_3119,Sales,44,52607.14,6,39.2,53.9,No
EMP_3120,Sales,48,42924.57,11,47.6,57.6,No
EMP_3121,IT,58,131577.54,6,45.5,78.0,No
EMP_3122,Sales,27,56105.51,3,38.4,61.0,No
EMP_3123,Sales,22,90936.85,2,44.0,80.5,Yes
EMP_3124,IT,27,66032.51,5,47.8,59.3,No
EMP_3125,Finance,43,76640.49,7,45.5,58.2,No
EMP_3126,HR,45,63685.3,3,39.3,69.6,No
EMP_3127,HR,46,42292.6,1,32.0,51.7,No
EMP_3128,Sales,36,35801.39,9,41.6,75.9,Yes
EMP_3129,Marketing,47,39250.88,6,43.3,83.2,No
EMP_3130,Finance,29,30408.88,6,36.2,78.3,Yes
EMP_3131,Finance,45,44846.46,3,40.1,79.6,Yes
EMP_3132,Finance,59,44066.29,4,39.6,41.1,No
EMP_3133,Marketing,27,44899.36,6,46.9,63.1,Yes
EMP_3134,IT,56,103017.21,2,49.3,66.6,No
EMP_3135,Sales,22,78484.66,7,45.9,91.8,Yes
EMP_3136,HR,57,33527.89,8,39.6,61.3,No
EMP_3137,Finance,33,39205.27,5,45.7,35.5,No
EMP_3138,Finance,59,41031.43,6,43.2,54.9,No
EMP_3139,IT,32,38942.4,3,39.6,60.1,Yes
EMP_3140,Sales,33,62038.92,6,50.5,37.7,No
EMP_3141,IT,28,44848.33,6,36.3,84.5,No
EMP_3142,Marketing,32,46977.31,5,43.0,46.5,No
EMP_3143,HR,57,68348.3,8,44.2,76.7,Yes
EMP_3144,IT,52,62790.54,7,38.6,53.6,No
EMP_3145,IT,54,32836.15,5,42.8,92.6,Yes
EMP_3146,IT,34,55029.3,2,44.7,65.9,Yes
EMP_3147,Marketing,39,41434.04,2,41.2,62.8,No
EMP_3148,HR,45,36981.19,9,42.4,77.9,Yes
EMP_3149,Finance,30,31026.26,4,40.5,54.9,No
EMP_3150,IT,52,43359.32,5,44.0,78.6,No
EMP_3151,HR,31,38783.64,11,38.9,62.8,No
EMP_3152,Sales,23,35794.03,3,38.4,61.1,No
EMP_3153,Finance,59,53727.36,3,40.1,68.7,No
EMP_3154,IT,36,59348.82,4,45.9,53.7,No
EMP_3155,IT,24,35615.18,3,31.3,67.1,Yes
EMP_3156,HR,52,31014.24,6,35.5,75.1,Yes
EMP_3157,Marketing,27,67776.78,7,51.4,35.4,No
EMP_3158,Sales,24,30200.19,2,41.4,86.4,No
EMP_3159,Finance,32,85328.16,4,38.0,82.2,Yes
EMP_3160,IT,36,49756.8,3,44.0,42.2,No
EMP_3161,IT,49,37767.64,5,36.1,39.8,No
EMP_3162,Sales,31,35659.94,7,29.5,82.6,Yes
EMP_3163,IT,59,30180.93,5,41.8,81.5,Yes
EMP_3164,IT,28,35369.92,4,36.3,79.3,No
EMP_3165,Sales,36,32963.7,5,40.5,48.6,No
EMP_3166,IT,39,48943.57,7,41.6,97.4,Yes
EMP_3167,Marketing,39,33643.53,6,40.7,58.7,No
EMP_3168,Sales,45,45042.23,3,31.5,73.6,No
EMP_3169,Finance,23,47837.64,6,40.1,73.8,No
EMP_3170,IT,41,37077.63,5,42.2,93.9,Yes
EMP_3171,HR,55,30713.89,4,33.0,71.9,No
EMP_3172,IT,47,30759.31,2,32.4,76.2,No
EMP_3173,Sales,28,30534.01,5,34.7,68.8,No
EMP_3174,Sales,59,56874.25,5,43.7,52.1,No
EMP_3175,Sales,51,37654.8,5,30.0,35.2,No
EMP_3176,Sales,26,61822.16,3,44.1,70.5,No
EMP_3177,HR,32,41303.27,6,42.0,48.8,Yes
EMP_3178,Marketing,22,42066.06,5,38.7,75.3,Yes
EMP_3179,Finance,55,44385.0,5,32.6,72.2,No
EMP_3180,HR,22,54967.65,6,36.0,71.9,Yes
EMP_3181,Sales,40,36390.41,5,43.9,54.2,No
EMP_3182,IT,23,32592.78,6,46.3,85.5,Yes
EMP_3183,IT,42,46241.2,2,34.8,77.1,Yes
EMP_3184,Sales,41,37919.53,12,45.7,52.3,No
EMP_3185,IT,44,41685.54,7,43.4,100.0,No
EMP_3186,IT,42,50822.73,4,40.0,66.8,Yes
EMP_3187,IT,45,43629.34,5,36.3,50.0,No
EMP_3188,IT,25,49366.36,7,37.1,58.6,No
EMP_3189,Finance,33,45714.02,1,49.1,47.4,Yes
EMP_3190,Finance,43,56925.82,5,40.9,90.4,Yes
EMP_3191,IT,41,54479.2,6,46.6,86.2,Yes
EMP_3192,Marketing,39,45279.54,5,41.2,81.1,Yes
EMP_3193,Marketing,22,52720.24,2,37.7,78.3,Yes
EMP_3194,IT,51,71359.68,5,42.9,88.7,Yes
EMP_3195,IT,54,41322.23,2,50.8,66.4,No
EMP_3196,IT,45,40646.54,4,36.8,76.3,Yes
EMP_3197,Marketing,35,58899.3,5,44.6,57.8,No
EMP_3198,Marketing,57,47471.99,6,41.0,67.7,No
EMP_3199,Sales,26,31473.08,3,32.8,76.8,Yes
EMP_3200,IT,32,74533.24,6,32.6,23.8,No
EMP_3201,HR,45,30625.34,6,37.7,60.7,No
EMP_3202,IT,52,57598.01,3,41.7,72.5,No
EMP_3203,Sales,34,58442.09,4,44.4,68.8,No
EMP_3204,Marketing,37,91199.48,4,32.1,63.2,No
EMP_3205,HR,45,31113.1,7,43.3,78.8,Yes
EMP_3206,Finance,34,48169.27,4,39.4,59.4,Yes
EMP_3207,Marketing,45,41166.75,7,40.0,51.7,No
EMP_3208,Finance,47,38028.45,5,42.9,87.8,Yes
EMP_3209,IT,23,31893.22,2,48.7,85.6,Yes
EMP_3210,HR,37,46540.62,6,41.5,61.0,No
EMP_3211,Sales,59,43041.67,5,33.2,69.0,Yes
EMP_3212,HR,22,32208.68,3,39.1,82.7,Yes
EMP_3213,Sales,32,48960.25,2,44.3,70.7,Yes
EMP_3214,HR,56,56784.64,8,44.4,78.0,Yes
EMP_3215,Sales,50,59158.24,1,43.3,77.1,Yes
EMP_3216,Sales,58,77156.29,5,37.4,65.2,Yes
EMP_3217,Sales,38,40534.72,4,33.2,77.7,Yes
EMP_3218,Sales,49,91183.14,6,42.9,55.5,No
EMP_3219,Finance,50,70113.33,3,33.9,75.9,No
EMP_3220,Finance,24,37033.79,5,43.5,68.9,Yes
EMP_3221,IT,31,33470.0,3,43.5,64.6,No
EMP_3222,Sales,35,41432.38,7,37.7,51.3,No
EMP_3223,Sales,33,40279.9,5,39.4,72.0,Yes
EMP_3224,Sales,51,47147.2,7,41.0,70.6,Yes
EMP_3225,Sales,53,47511.91,6,36.9,57.4,No
EMP_3226,Marketing,53,57724.85,8,33.1,46.0,No
EMP_3227,Sales,53,44262.51,6,39.8,45.3,No
EMP_3228,IT,47,32214.67,4,40.3,66.2,No
EMP_3229,Sales,22,69079.64,4,46.8,74.6,No
EMP_3230,Sales,23,37414.45,2,36.1,97.7,Yes
EMP_3231,IT,38,101015.39,2,45.3,69.3,Yes
EMP_3232,HR,51,32508.09,5,34.3,45.6,No
EMP_3233,Sales,28,93521.68,2,33.3,66.9,Yes
EMP_3234,Sales,48,31908.46,1,38.5,88.8,Yes
EMP_3235,IT,30,35254.23,4,35.3,59.8,No
EMP_3236,Sales,43,30953.99,6,33.2,86.8,Yes
EMP_3237,Sales,55,54423.27,6,49.7,72.6,No
EMP_3238,Marketing,22,67982.27,9,37.7,79.7,No
EMP_3239,HR,30,41385.74,3,51.6,97.9,Yes
EMP_3240,HR,41,82767.33,9,35.0,42.4,No
EMP_3241,IT,40,47846.56,6,31.5,83.4,No
EMP_3242,IT,57,49885.43,11,46.5,68.6,No
EMP_3243,IT,25,67340.77,5,36.4,55.8,No
EMP_3244,HR,30,37042.28,2,40.7,68.5,No
EMP_3245,Finance,43,38747.34,7,33.2,95.4,Yes
EMP_3246,Sales,39,77278.98,2,39.8,90.0,Yes
EMP_3247,IT,33,76245.34,2,33.1,40.0,No
EMP_3248,IT,30,105000.44,5,39.6,58.5,No
EMP_3249,Marketing,27,76422.79,7,37.6,84.1,No
EMP_3250,HR,40,32724.92,4,41.2,69.7,No
EMP_3251,IT,28,64714.12,6,43.1,69.7,No
EMP_3252,Sales,37,40547.18,6,41.2,46.5,No
EMP_3253,HR,26,123773.98,2,42.3,58.8,No
EMP_3254,Sales,37,42783.83,10,39.5,49.6,No
EMP_3255,IT,22,46141.38,4,37.8,45.2,No
EMP_3256,Sales,58,45090.88,4,42.4,51.1,No
EMP_3257,HR,40,37764.4,4,39.4,56.1,No
EMP_3258,Sales,58,31559.71,3,39.6,58.6,Yes
EMP_3259,IT,38,75200.33,3,42.0,57.4,No
EMP_3260,Marketing,47,62458.15,7,34.8,85.3,Yes
EMP_3261,Sales,43,33005.46,7,47.1,56.4,No
EMP_3262,IT,29,59990.9,7,38.8,91.4,Yes
EMP_3263,IT,54,49661.79,3,40.6,62.7,Yes
EMP_3264,Sales,23,40523.65,5,39.8,76.6,No
EMP_3265,Finance,51,35861.16,7,43.3,77.1,Yes
EMP_3266,Sales,41,69283.55,7,41.7,56.5,No
EMP_3267,IT,39,54092.01,4,39.8,65.1,Yes
EMP_3268,HR,31,45869.96,8,47.2,62.5,No
EMP_3269,HR,45,48810.06,8,24.0,75.6,Yes
EMP_3270,HR,25,31909.66,5,46.2,68.1,Yes
EMP_3271,IT,58,42846.03,10,44.6,58.8,No
EMP_3272,Sales,25,34306.0,6,30.8,71.8,Yes
EMP_3273,Finance,34,34673.57,9,44.6,75.1,Yes
EMP_3274,IT,46,51653.04,8,45.3,97.8,Yes
EMP_3275,Finance,34,78440.02,6,42.8,71.0,No
EMP_3276,Finance,39,40342.13,4,32.2,70.2,No
EMP_3277,Finance,45,34657.55,2,43.4,76.4,Yes
EMP_3278,IT,23,50924.97,3,45.0,55.8,No
EMP_3279,IT,54,70987.88,1,37.1,44.1,No
EMP_3280,Finance,40,57591.84,8,42.2,65.3,No
EMP_3281,IT,30,70614.13,7,38.2,86.1,Yes
EMP_3282,Sales,49,45381.34,5,44.4,88.5,Yes
EMP_3283,Marketing,56,57876.55,2,38.4,41.8,No
EMP_3284,Marketing,31,33017.96,7,37.1,80.0,No
EMP_3285,IT,22,38562.64,12,39.8,37.2,No
EMP_3286,Sales,42,39871.15,5,33.3,76.9,No
EMP_3287,IT,30,44319.96,3,39.3,76.0,No
EMP_3288,Finance,36,82923.03,4,41.8,44.1,No
EMP_3289,Marketing,56,71476.6,5,44.3,85.0,Yes
EMP_3290,Sales,26,32889.55,6,41.2,96.2,Yes
EMP_3291,Sales,43,33793.93,3,32.8,69.1,No
EMP_3292,Marketing,44,38852.14,3,46.8,72.1,Yes
EMP_3293,IT,28,36870.77,1,47.2,92.2,Yes
EMP_3294,IT,44,49078.34,5,40.6,53.1,No
EMP_3295,Marketing,46,76614.76,2,36.2,53.5,No
EMP_3296,Sales,48,95557.42,4,37.3,57.4,No
EMP_3297,HR,27,51203.39,2,39.0,70.6,No
EMP_3298,Sales,55,66422.84,7,41.4,70.5,No
EMP_3299,IT,30,44897.33,3,38.5,61.7,No
EMP_3300,Finance,54,34672.14,9,35.7,65.5,Yes
EMP_3301,IT,27,44875.69,6,45.1,61.9,Yes
EMP_3302,Marketing,58,46197.33,5,41.3,62.6,No
EMP_3303,HR,52,57131.42,2,34.7,58.5,No
EMP_3304,IT,55,34966.23,5,41.5,58.6,No
EMP_3305,Sales,50,39187.14,5,40.8,40.0,No
EMP_3306,IT,35,39052.0,8,36.4,66.6,No
EMP_3307,IT,57,94099.26,2,46.0,40.7,No
EMP_3308,Sales,57,41737.76,5,40.7,81.3,Yes
EMP_3309,IT,36,58137.61,5,38.9,61.6,No
EMP_3310,IT,29,57790.9,6,39.6,68.2,Yes
EMP_3311,Finance,47,36172.51,1,42.2,64.4,No
EMP_3312,HR,57,46966.55,3,39.6,66.3,Yes
EMP_3313,Finance,42,74943.56,9,39.6,89.0,No
EMP_3314,Sales,49,42894.67,6,45.3,49.7,No
EMP_3315,Sales,25,88051.22,5,32.9,45.7,No
EMP_3316,HR,37,34827.63,4,33.7,71.8,No
EMP_3317,IT,43,31541.06,3,43.9,62.6,No
EMP_3318,Sales,33,74411.6,11,52.1,75.4,Yes
EMP_3319,Finance,37,67635.59,6,44.4,80.7,No
EMP_3320,Finance,59,128098.16,3,49.3,53.4,Yes
EMP_3321,IT,58,52750.81,7,37.8,79.1,Yes
EMP_3322,Sales,50,85193.58,6,36.8,54.7,No
EMP_3323,Finance,39,65083.38,2,42.3,71.1,Yes
EMP_3324,HR,31,67212.72,4,44.8,51.4,No
EMP_3325,Finance,39,46839.51,5,33.4,72.0,No
EMP_3326,Finance,22,39637.14,2,38.9,69.7,No
EMP_3327,Finance,42,84531.84,2,39.9,53.5,No
EMP_3328,IT,22,41316.8,4,36.6,49.6,No
EMP_3329,Sales,36,45479.31,6,37.2,81.3,Yes
EMP_3330,HR,25,41815.94,4,44.2,63.2,Yes
EMP_3331,HR,41,46639.83,6,42.3,85.2,Yes
EMP_3332,Finance,31,42716.63,8,44.0,61.8,No
EMP_3333,Sales,44,30983.12,7,41.7,89.5,Yes
EMP_3334,Sales,55,72749.58,8,35.6,55.8,No
EMP_3335,Marketing,54,41753.91,5,42.1,92.1,No
EMP_3336,Finance,55,47780.5,1,35.2,72.6,Yes
EMP_3337,Marketing,31,32997.58,5,38.4,76.0,No
EMP_3338,Finance,41,30067.87,5,34.8,54.9,Yes
EMP_3339,HR,22,35628.44,7,36.9,80.9,No
EMP_3340,HR,34,54387.55,2,40.5,81.5,Yes
EMP_3341,Marketing,22,32089.32,6,37.7,65.1,No
EMP_3342,HR,26,77913.19,6,35.6,38.0,No
EMP_3343,HR,37,34842.01,3,45.7,53.3,No
EMP_3344,Sales,36,34578.04,5,39.4,53.3,No
EMP_3345,IT,49,34005.83,7,37.4,76.7,No
EMP_3346,Finance,52,30281.61,4,34.6,63.0,No
EMP_3347,IT,44,59551.14,3,30.6,63.3,No
EMP_3348,Sales,38,71594.36,2,38.9,61.5,Yes
EMP_3349,IT,55,49046.79,4,33.1,92.0,Yes
EMP_3350,Sales,34,34170.03,8,43.6,70.7,Yes
EMP_3351,Sales,35,36717.23,9,40.1,73.0,Yes
EMP_3352,IT,32,42922.47,11,47.8,60.7,No
EMP_3353,Marketing,49,91733.26,4,41.1,69.6,No
EMP_3354,IT,53,35683.14,8,36.4,55.4,No
EMP_3355,Sales,56,56308.96,2,30.6,75.2,No
EMP_3356,Sales,52,41576.67,2,44.0,52.8,No
EMP_3357,HR,38,37072.09,8,33.5,81.2,Yes
EMP_3358,IT,30,42173.03,3,38.0,59.0,No
EMP_3359,Finance,31,31477.38,6,48.4,84.2,Yes
EMP_3360,HR,29,62057.92,6,43.1,98.6,Yes
EMP_3361,Finance,42,35575.82,6,41.9,70.0,No
EMP_3362,IT,34,55849.68,4,44.7,89.7,Yes
EMP_3363,HR,26,31415.93,2,44.5,81.3,No
EMP_3364,IT,27,92065.71,4,47.9,48.5,No
EMP_3365,Marketing,51,34289.0,7,37.0,71.7,No
EMP_3366,HR,52,72867.59,5,38.1,77.5,No
EMP_3367,IT,38,63159.25,5,35.4,79.0,Yes
EMP_3368,IT,32,98753.03,5,39.8,72.7,No
EMP_3369,Sales,41,42997.57,4,39.3,72.5,No
EMP_3370,HR,30,55994.8,4,31.2,70.1,No
EMP_3371,Sales,23,39263.28,2,36.7,72.0,No
EMP_3372,HR,58,34075.85,4,47.2,51.6,No
EMP_3373,IT,22,41706.53,3,41.2,66.5,No
EMP_3374,HR,25,33624.42,5,43.6,48.2,No
EMP_3375,Finance,57,110397.31,3,39.4,62.5,No
EMP_3376,Finance,46,32023.97,6,30.6,61.1,Yes
EMP_3377,Finance,24,47793.55,8,39.4,60.2,No
EMP_3378,Sales,30,49694.81,5,45.2,54.2,No
EMP_3379,Sales,43,45447.25,6,34.1,74.0,Yes
EMP_3380,HR,44,51705.19,2,43.7,65.2,No
EMP_3381,IT,33,32470.05,7,31.5,63.7,No
EMP_3382,IT,31,46194.45,4,40.1,48.9,No
EMP_3383,Sales,55,36771.44,7,42.7,65.5,No
EMP_3384,IT,31,86326.99,3,38.4,87.2,Yes
EMP_3385,Sales,51,58715.71,7,52.4,87.4,No
EMP_3386,Marketing,43,101881.92,5,37.5,75.6,No
EMP_3387,Sales,27,30765.59,4,37.1,65.6,No
EMP_3388,HR,23,36713.18,7,41.0,78.4,No
EMP_3389,Sales,51,34348.76,5,36.2,60.0,No
EMP_3390,HR,23,30224.35,6,32.8,65.5,No
EMP_3391,IT,53,35550.03,7,34.5,58.9,Yes
EMP_3392,Marketing,37,52712.33,6,43.8,83.6,Yes
EMP_3393,Marketing,33,35255.6,8,38.5,81.7,Yes
EMP_3394,IT,22,44226.36,4,48.5,69.5,No
EMP_3395,Marketing,29,73752.68,7,37.8,96.0,Yes
EMP_3396,Marketing,34,53667.59,5,43.6,76.2,No
EMP_3397,Finance,36,40038.28,5,42.6,75.3,No
EMP_3398,Finance,29,39319.24,5,37.7,73.7,No
EMP_3399,Sales,31,42166.41,4,35.6,51.1,No
EMP_3400,HR,26,33896.99,2,31.3,56.6,No
EMP_3401,Sales,40,50102.48,5,42.8,69.2,No
EMP_3402,Sales,59,39055.94,7,46.0,69.3,Yes
EMP_3403,Marketing,32,68260.29,4,32.1,78.8,Yes
EMP_3404,IT,41,58257.09,6,38.1,60.0,Yes
EMP_3405,Finance,41,48858.5,4,36.7,71.1,No
EMP_3406,Finance,42,39057.49,3,42.8,71.3,No
EMP_3407,Marketing,39,34712.72,2,38.4,71.9,No
EMP_3408,Marketing,31,59935.75,3,46.6,70.2,No
EMP_3409,Sales,55,43326.56,5,38.1,48.9,No
EMP_3410,Sales,47,35091.4,11,33.8,36.1,No
EMP_3411,IT,51,34342.6,4,37.7,55.9,No
EMP_3412,Sales,30,33616.08,6,38.2,62.0,Yes
EMP_3413,Sales,52,60026.13,8,42.6,52.3,No
EMP_3414,IT,25,35201.01,8,38.1,69.2,Yes
EMP_3415,Finance,27,44958.08,4,42.2,86.4,No
EMP_3416,HR,35,42013.05,12,36.0,80.9,No
EMP_3417,IT,25,47331.49,7,38.5,77.0,Yes
EMP_3418,HR,47,71936.62,1,36.1,84.8,Yes
EMP_3419,Sales,38,70460.83,1,35.8,56.1,No
EMP_3420,Sales,40,41995.91,7,46.4,63.1,No
EMP_3421,Finance,27,30309.71,3,36.4,79.2,Yes
EMP_3422,HR,50,41117.99,4,38.3,62.9,Yes
EMP_3423,Finance,32,48637.91,2,45.2,63.7,Yes
EMP_3424,Sales,37,46318.27,3,43.8,97.9,Yes
EMP_3425,Finance,51,51072.94,8,48.2,71.4,Yes
EMP_3426,HR,46,33346.51,4,42.4,96.5,Yes
EMP_3427,HR,32,50799.42,10,37.0,42.7,No
EMP_3428,HR,28,34033.8,4,50.3,60.5,No
EMP_3429,Marketing,47,57767.85,3,42.9,76.1,Yes
EMP_3430,HR,43,38282.68,3,39.2,71.4,Yes
EMP_3431,HR,46,54750.28,3,40.3,39.2,No
EMP_3432,Marketing,40,30980.98,5,40.9,66.6,No
EMP_3433,Finance,52,40480.24,5,38.8,100.0,Yes
EMP_3434,IT,47,54417.94,8,33.1,73.7,Yes
EMP_3435,Finance,57,35146.17,7,48.1,79.1,No
EMP_3436,IT,44,61722.93,5,39.9,60.3,No
EMP_3437,Sales,34,49927.24,1,40.9,73.6,Yes
EMP_3438,HR,46,47713.38,4,50.4,69.8,Yes
EMP_3439,Marketing,23,38725.15,6,36.6,86.8,Yes
EMP_3440,Marketing,23,43173.04,4,43.3,86.3,Yes
EMP_3441,IT,37,48193.72,4,36.0,76.1,Yes
EMP_3442,IT,30,42790.69,3,41.6,71.1,No
EMP_3443,Sales,49,53967.33,3,41.0,44.8,No
EMP_3444,Marketing,34,41372.52,3,44.0,44.3,No
EMP_3445,Marketing,56,34519.78,7,46.0,71.2,No
EMP_3446,HR,34,34814.28,8,37.1,83.1,Yes
EMP_3447,Finance,52,30116.41,6,47.1,90.0,Yes
EMP_3448,Finance,42,37160.88,6,47.4,56.7,No
EMP_3449,HR,53,57639.49,2,38.8,47.4,No
EMP_3450,Sales,55,61613.39,9,40.0,84.0,Yes
EMP_3451,IT,29,34524.65,7,37.5,57.8,No
EMP_3452,HR,23,93905.14,5,38.5,46.3,No
EMP_3453,HR,59,43959.29,6,34.0,62.6,No
EMP_3454,IT,53,79773.17,4,43.9,62.3,Yes
EMP_3455,Marketing,49,54535.64,6,29.7,89.8,No
EMP_3456,Sales,58,55633.89,5,36.5,83.0,No
EMP_3457,IT,22,31777.58,5,39.8,58.9,No
EMP_3458,HR,31,34969.0,4,46.5,91.0,Yes
EMP_3459,HR,25,30177.08,2,37.3,71.9,Yes
EMP_3460,HR,56,55184.61,5,42.1,85.9,No
EMP_3461,IT,31,38445.26,6,39.6,89.9,Yes
EMP_3462,Sales,32,60896.66,4,44.7,66.1,No
EMP_3463,HR,35,38278.1,6,41.9,78.6,Yes
EMP_3464,HR,59,64222.08,3,44.2,63.9,No
EMP_3465,Sales,33,32801.3,8,37.2,84.0,No
EMP_3466,Finance,38,33808.04,3,34.9,71.4,No
EMP_3467,IT,37,38336.89,5,41.8,84.4,No
EMP_3468,HR,56,40501.45,1,37.6,92.9,No
EMP_3469,Finance,23,38575.78,9,40.2,78.2,Yes
EMP_3470,Sales,32,58848.58,3,41.6,68.6,Yes
EMP_3471,Sales,24,32039.58,2,46.2,68.8,No
EMP_3472,Finance,50,38653.14,10,43.9,25.6,No
EMP_3473,HR,39,66309.57,4,36.6,59.3,No
EMP_3474,HR,41,31382.65,6,34.3,84.0,Yes
EMP_3475,Finance,35,87065.05,11,48.5,84.5,Yes
EMP_3476,Finance,55,115831.79,6,32.1,59.0,No
EMP_3477,Marketing,52,31854.77,3,37.7,72.5,No
EMP_3478,IT,39,36885.68,4,43.2,67.2,No
EMP_3479,IT,51,39317.07,7,48.2,80.3,Yes
EMP_3480,IT,46,59957.16,4,39.1,100.0,No
EMP_3481,Sales,40,48123.19,7,40.1,80.6,Yes
EMP_3482,HR,29,50677.05,5,35.6,59.9,Yes
EMP_3483,IT,49,58335.88,7,40.6,68.8,No
EMP_3484,Marketing,29,32510.79,7,34.2,91.0,Yes
EMP_3485,HR,52,65820.33,1,36.2,48.9,No
EMP_3486,HR,24,54457.66,4,43.8,60.8,No
EMP_3487,IT,24,47223.83,10,37.8,80.6,No
EMP_3488,Sales,43,74097.44,6,44.6,89.4,No
EMP_3489,Sales,38,54099.89,10,39.2,79.1,Yes
EMP_3490,IT,57,34505.42,6,33.2,60.9,No
EMP_3491,Sales,38,41233.45,4,45.8,78.0,Yes
EMP_3492,HR,35,43626.07,6,33.4,76.2,No
EMP_3493,Marketing,30,31136.01,2,37.0,75.3,Yes
EMP_3494,Marketing,51,91861.4,5,39.0,68.5,Yes
EMP_3495,HR,42,32752.56,5,45.0,70.8,No
EMP_3496,Sales,33,53910.92,3,37.4,56.4,Yes
EMP_3497,Marketing,58,44113.75,6,35.4,100.0,Yes
EMP_3498,Marketing,53,30519.33,1,40.8,72.4,Yes
EMP_3499,Sales,32,81738.12,3,38.9,78.2,Yes
EMP_3500,Finance,41,68188.82,4,37.7,66.7,Yes
EMP_3501,IT,56,44857.59,5,41.1,82.7,Yes
EMP_3502,Finance,32,35199.84,3,34.0,50.5,No
EMP_3503,Marketing,29,32593.59,1,31.4,43.8,No
EMP_3504,Sales,25,39032.04,4,50.7,69.5,Yes
EMP_3505,Marketing,48,35898.92,4,40.5,100.0,Yes
EMP_3506,HR,59,44132.4,8,40.9,88.1,Yes
EMP_3507,Marketing,51,97870.12,6,36.1,57.9,No
EMP_3508,IT,48,47111.13,1,44.5,77.7,No
EMP_3509,Finance,42,74132.97,6,37.3,60.5,No
EMP_3510,Sales,41,51046.72,4,26.1,76.4,No
EMP_3511,IT,25,42896.53,3,37.2,77.6,Yes
EMP_3512,Sales,32,68566.37,2,38.6,83.9,Yes
EMP_3513,Marketing,34,42749.26,5,39.1,46.5,No
EMP_3514,Finance,30,70594.47,5,39.0,51.0,No
EMP_3515,Marketing,25,36894.27,6,36.8,68.9,No
EMP_3516,Marketing,33,32757.97,2,36.3,54.5,No
EMP_3517,Sales,30,68663.85,3,38.5,53.4,No
EMP_3518,IT,34,47706.27,0,31.8,74.1,No
EMP_3519,Sales,47,73981.16,6,30.2,56.3,Yes
EMP_3520,Sales,59,85556.76,7,40.5,100.0,Yes
EMP_3521,Sales,34,31102.4,3,40.6,62.0,No
EMP_3522,IT,49,43901.75,7,44.4,65.9,No
EMP_3523,IT,40,39398.94,7,38.7,74.5,Yes
EMP_3524,Sales,45,49662.42,5,34.0,47.4,Yes
EMP_3525,Sales,40,61557.93,5,30.3,77.6,No
EMP_3526,Sales,34,36586.48,4,35.5,75.1,No
EMP_3527,Marketing,34,46274.61,5,42.1,64.8,No
EMP_3528,Finance,49,54669.99,2,47.2,74.1,Yes
EMP_3529,Marketing,23,32887.37,4,40.3,76.4,No
EMP_3530,IT,31,63647.37,6,33.9,91.5,Yes
EMP_3531,IT,43,48633.65,5,35.6,100.0,Yes
EMP_3532,Finance,34,89730.47,4,35.8,54.1,No
EMP_3533,IT,30,38296.04,6,38.0,50.5,No
EMP_3534,IT,54,32289.06,4,45.6,71.5,No
EMP_3535,Sales,35,44124.7,4,46.0,38.8,No
EMP_3536,Sales,41,31794.35,6,39.1,79.7,No
EMP_3537,IT,36,99817.97,4,40.9,71.7,Yes
EMP_3538,IT,53,30789.06,7,36.0,75.5,No
EMP_3539,HR,54,58008.18,7,31.5,65.4,Yes
EMP_3540,Sales,38,44893.12,6,48.9,73.8,No
EMP_3541,Sales,45,39196.97,4,28.4,77.1,No
EMP_3542,Finance,51,31362.2,5,30.8,73.0,Yes
EMP_3543,Sales,34,49466.06,5,49.0,49.8,No
EMP_3544,IT,37,47600.16,5,40.1,72.6,Yes
EMP_3545,Marketing,23,36594.63,6,34.4,97.8,Yes
EMP_3546,Sales,38,78208.24,6,43.4,73.6,Yes
EMP_3547,Sales,53,37251.27,8,43.9,72.1,Yes
EMP_3548,IT,29,41946.76,4,33.3,93.4,Yes
EMP_3549,IT,24,45694.83,9,37.3,58.8,No
EMP_3550,HR,33,32112.36,11,44.4,83.3,Yes
EMP_3551,Finance,41,83812.57,5,35.9,62.0,Yes
EMP_3552,Sales,37,39385.23,5,41.4,86.3,Yes
EMP_3553,HR,35,31684.58,5,47.1,82.0,Yes
EMP_3554,IT,37,39797.31,2,28.0,63.8,No
EMP_3555,Sales,54,48335.94,4,38.3,66.0,No
EMP_3556,HR,51,44416.64,6,41.3,84.7,No
EMP_3557,IT,33,53718.86,3,31.0,42.2,No
EMP_3558,IT,36,31141.65,6,37.4,63.4,No
EMP_3559,Sales,39,36696.61,6,45.2,79.3,No
EMP_3560,IT,49,64210.66,2,36.5,65.4,Yes
EMP_3561,IT,44,31665.32,2,32.6,72.0,No
EMP_3562,Finance,35,68687.57,7,45.7,39.4,No
EMP_3563,Sales,51,31927.93,7,42.2,57.2,No
EMP_3564,IT,54,65970.15,5,39.7,80.2,Yes
EMP_3565,IT,36,38950.39,4,39.5,58.7,No
EMP_3566,Finance,28,48945.78,3,45.1,50.5,No
EMP_3567,HR,36,33318.43,5,41.5,85.9,Yes
EMP_3568,HR,59,31369.19,2,43.2,77.7,No
EMP_3569,Finance,32,34865.35,5,36.5,53.7,No
EMP_3570,Marketing,50,32735.96,6,30.4,72.1,Yes
EMP_3571,IT,52,37491.13,7,43.1,54.2,No
EMP_3572,IT,46,44446.71,6,45.5,67.7,No
EMP_3573,Finance,45,47771.54,4,38.9,72.6,Yes
EMP_3574,Marketing,40,61200.4,3,44.4,57.9,No
EMP_3575,Marketing,23,51356.22,4,38.3,81.1,Yes
EMP_3576,IT,43,48768.6,4,39.5,83.5,Yes
EMP_3577,Sales,41,40613.15,12,48.8,74.0,Yes
EMP_3578,IT,54,42841.8,6,38.5,76.2,No
EMP_3579,Finance,29,40706.49,4,38.2,48.2,No
EMP_3580,IT,46,66924.23,4,30.7,90.4,Yes
EMP_3581,IT,30,35227.31,13,43.5,68.6,No
EMP_3582,Finance,55,30114.75,6,36.5,56.0,Yes
EMP_3583,IT,44,51072.01,4,40.7,72.2,No
EMP_3584,Marketing,26,34524.52,5,38.4,81.2,Yes
EMP_3585,IT,46,74166.44,3,37.8,77.7,No
EMP_3586,IT,29,69186.48,4,39.4,53.7,No
EMP_3587,IT,37,31596.61,6,39.8,81.4,Yes
EMP_3588,Finance,36,32249.68,5,45.9,69.1,No
EMP_3589,Sales,22,43670.73,6,47.6,77.5,No
EMP_3590,Sales,43,48792.35,5,43.3,58.0,No
EMP_3591,Marketing,24,36429.14,7,46.4,85.7,Yes
EMP_3592,Sales,59,55231.88,5,44.3,72.7,No
EMP_3593,HR,35,48073.22,7,42.5,87.8,Yes
EMP_3594,HR,57,37855.64,5,47.3,47.0,No
EMP_3595,IT,39,30513.98,4,33.5,49.0,No
EMP_3596,HR,39,57737.91,7,36.6,66.4,No
EMP_3597,Sales,24,34835.16,4,35.9,92.0,Yes
EMP_3598,HR,31,65972.51,4,38.5,99.4,Yes
EMP_3599,IT,22,40904.55,5,43.4,56.7,No
EMP_3600,HR,48,47211.32,1,34.4,70.8,Yes
EMP_3601,Sales,48,71263.29,7,42.5,72.3,No
EMP_3602,HR,32,69846.64,1,37.1,80.8,Yes
EMP_3603,Sales,26,39289.01,5,38.3,83.3,No
EMP_3604,IT,28,34686.34,5,41.0,53.3,No
EMP_3605,Sales,40,59846.09,4,48.4,71.0,Yes
EMP_3606,Sales,50,41350.75,4,36.4,39.9,No
EMP_3607,Finance,36,34264.9,5,39.6,82.2,Yes
EMP_3608,IT,56,76956.95,7,34.6,64.9,No
EMP_3609,Marketing,58,34415.53,1,36.4,51.9,No
EMP_3610,Marketing,33,30522.92,8,34.6,75.0,Yes
EMP_3611,HR,51,30409.77,3,41.2,64.5,Yes
EMP_3612,Sales,41,49473.91,4,42.1,88.9,Yes
EMP_3613,IT,58,51674.97,4,43.4,56.6,No
EMP_3614,Finance,24,37451.49,6,36.2,100.0,Yes
EMP_3615,IT,30,37713.57,6,42.5,82.8,Yes
EMP_3616,Sales,47,38294.98,3,40.6,89.3,Yes
EMP_3617,HR,23,52798.6,3,39.7,54.6,No
EMP_3618,Finance,44,31197.84,2,33.8,96.8,Yes
EMP_3619,Finance,44,82934.31,3,40.8,51.8,No
EMP_3620,Sales,42,35033.97,5,40.9,66.9,Yes
EMP_3621,HR,37,190523.56,6,40.5,89.6,No
EMP_3622,Sales,30,33763.32,6,42.0,77.6,Yes
EMP_3623,Sales,34,59528.45,6,43.5,51.4,No
EMP_3624,Marketing,49,35056.92,5,34.5,87.0,Yes
EMP_3625,Sales,48,31686.05,5,38.9,75.1,No
EMP_3626,IT,38,71578.17,6,42.6,63.8,No
EMP_3627,Sales,59,69144.66,6,38.7,46.9,No
EMP_3628,Marketing,57,40335.88,5,44.8,76.5,No
EMP_3629,Finance,22,54239.84,6,40.5,67.5,Yes
EMP_3630,HR,39,46286.69,6,30.2,72.3,No
EMP_3631,Finance,30,68340.48,6,44.2,46.2,No
EMP_3632,Sales,34,37568.36,4,39.4,63.7,No
EMP_3633,IT,36,44832.99,7,31.2,77.2,No
EMP_3634,IT,25,43286.23,6,38.7,98.1,Yes
EMP_3635,Sales,54,38736.2,3,33.7,66.9,No
EMP_3636,IT,45,74411.82,7,43.8,91.6,Yes
EMP_3637,Marketing,57,33627.51,4,39.8,81.8,No
EMP_3638,Sales,31,33238.82,9,35.4,73.5,No
EMP_3639,IT,57,47203.39,5,44.1,54.8,No
EMP_3640,Sales,41,51429.34,5,42.3,55.4,No
EMP_3641,Sales,32,34328.8,9,38.8,79.3,Yes
EMP_3642,Marketing,33,39909.46,5,33.8,62.1,No
EMP_3643,IT,39,88585.35,3,35.8,60.8,No
EMP_3644,IT,51,35663.64,5,35.7,67.3,No
EMP_3645,Finance,58,52074.15,3,43.7,67.5,No
EMP_3646,Sales,41,56952.97,5,31.6,83.5,No
EMP_3647,IT,46,41888.81,5,39.8,62.4,Yes
EMP_3648,IT,33,85460.09,3,38.7,82.0,No
EMP_3649,HR,42,56685.94,7,45.2,76.6,Yes
EMP_3650,Marketing,46,42247.0,3,41.2,44.9,No
EMP_3651,Finance,32,46848.5,6,42.7,74.4,No
EMP_3652,IT,30,53592.98,8,37.4,30.0,No
EMP_3653,Finance,46,47939.09,3,33.8,56.6,No
EMP_3654,Sales,56,72189.37,4,38.4,76.9,No
EMP_3655,Sales,53,38828.75,6,43.9,69.8,No
EMP_3656,Sales,35,37130.23,5,43.9,43.5,No
EMP_3657,IT,22,34811.87,7,37.8,53.2,No
EMP_3658,IT,38,30770.3,10,35.7,30.9,No
EMP_3659,HR,46,30879.33,6,34.7,49.9,No
EMP_3660,Marketing,29,70812.91,8,39.3,78.7,No
EMP_3661,IT,26,52688.51,3,40.7,61.6,No
EMP_3662,IT,26,51607.54,5,47.4,72.5,Yes
EMP_3663,Sales,56,49071.69,2,40.6,70.2,No
EMP_3664,Sales,40,67838.56,6,43.1,70.5,Yes
EMP_3665,HR,44,43088.8,6,36.1,85.3,Yes
EMP_3666,IT,30,70867.72,1,40.2,67.0,No
EMP_3667,Finance,51,38908.41,5,40.7,83.7,No
EMP_3668,Sales,37,82265.94,2,39.3,32.8,No
EMP_3669,Sales,54,53990.12,4,39.9,86.7,Yes
EMP_3670,IT,23,35945.95,3,40.6,50.6,No
EMP_3671,Sales,35,46606.16,7,42.4,53.9,No
EMP_3672,Sales,22,45229.83,4,45.8,59.4,No
EMP_3673,Finance,47,32967.65,6,28.7,86.3,Yes
EMP_3674,Sales,46,47892.68,9,45.6,56.7,No
EMP_3675,HR,37,37560.47,4,31.4,60.2,Yes
EMP_3676,IT,36,31075.37,4,41.5,55.6,No
EMP_3677,Sales,47,89384.21,4,51.8,73.8,Yes
EMP_3678,IT,37,50516.0,4,39.8,81.2,No
EMP_3679,Finance,35,71898.24,5,40.9,95.6,Yes
EMP_3680,IT,50,52543.69,9,38.4,100.0,Yes
EMP_3681,Finance,45,38831.7,3,43.3,79.8,Yes
EMP_3682,Sales,36,44377.02,6,41.8,75.5,No
EMP_3683,Finance,40,52524.61,4,36.6,51.7,No
EMP_3684,Sales,29,94504.08,6,39.4,98.6,Yes
EMP_3685,HR,55,35851.73,3,34.4,73.2,Yes
EMP_3686,HR,23,71585.16,8,39.4,65.7,Yes
EMP_3687,Marketing,48,81560.92,5,37.9,75.8,Yes
EMP_3688,IT,31,52198.45,7,40.7,60.5,No
EMP_3689,Sales,56,83550.41,4,36.5,34.9,No
EMP_3690,Sales,44,40145.92,4,38.9,78.6,No
EMP_3691,Finance,29,91159.04,2,40.0,90.1,Yes
EMP_3692,IT,49,54265.85,7,40.4,78.4,Yes
EMP_3693,Finance,44,30858.27,5,41.4,69.9,Yes
EMP_3694,Sales,25,77475.79,6,39.1,70.2,No
EMP_3695,IT,35,43251.3,8,36.1,72.6,No
EMP_3696,Sales,50,42335.84,7,40.4,72.1,Yes
EMP_3697,Marketing,22,46715.73,4,39.1,69.1,No
EMP_3698,HR,25,33235.9,4,45.1,70.4,Yes
EMP_3699,Marketing,53,42666.12,3,45.8,93.3,Yes
EMP_3700,IT,54,65572.19,6,33.1,77.1,No
EMP_3701,HR,47,30312.07,9,43.1,71.6,Yes
EMP_3702,HR,38,36374.3,4,44.1,79.9,No
EMP_3703,IT,44,30049.15,8,33.3,79.9,No
EMP_3704,Finance,53,40747.2,4,42.9,84.2,No
EMP_3705,Marketing,36,56062.28,5,44.5,58.6,No
EMP_3706,Marketing,34,62066.32,1,35.3,62.8,No
EMP_3707,Finance,23,88077.57,3,38.8,57.8,No
EMP_3708,IT,40,48755.63,5,40.9,81.5,Yes
EMP_3709,IT,45,35877.41,1,42.9,80.8,No
EMP_3710,Marketing,45,81579.41,6,35.1,50.9,No
EMP_3711,Sales,32,59861.18,5,45.8,75.9,No
EMP_3712,Finance,43,47086.45,6,29.9,90.6,Yes
EMP_3713,Finance,36,53790.9,5,46.6,66.5,No
EMP_3714,HR,31,81623.86,4,42.8,74.7,No
EMP_3715,Marketing,48,54923.28,4,36.9,81.0,Yes
EMP_3716,IT,30,39189.17,3,44.3,50.2,No
EMP_3717,IT,49,54967.43,5,34.8,72.3,Yes
EMP_3718,Sales,22,30822.24,5,40.6,89.1,Yes
EMP_3719,IT,38,39768.75,3,41.2,61.1,No
EMP_3720,IT,52,40428.4,5,41.2,82.5,Yes
EMP_3721,IT,31,33650.55,6,35.8,70.4,Yes
EMP_3722,Finance,58,30467.12,8,37.5,59.9,Yes
EMP_3723,Marketing,50,32863.12,7,40.6,68.6,Yes
EMP_3724,Sales,39,51262.29,4,36.4,62.1,No
EMP_3725,IT,59,62418.96,4,41.4,56.7,No
EMP_3726,Marketing,27,118799.04,1,36.9,66.2,No
EMP_3727,Sales,33,38504.08,4,45.0,71.0,Yes
EMP_3728,Sales,35,48294.8,4,47.8,67.5,No
EMP_3729,Sales,31,85338.49,7,38.5,66.0,No
EMP_3730,HR,41,33655.44,4,44.6,73.4,No
EMP_3731,Sales,36,55291.84,6,38.9,78.0,Yes
EMP_3732,Marketing,52,58128.21,4,35.3,52.8,Yes
EMP_3733,IT,28,31863.71,5,37.9,66.2,No
EMP_3734,IT,31,69501.54,3,40.4,40.4,No
EMP_3735,Sales,31,63544.17,3,31.1,67.6,Yes
EMP_3736,IT,49,30679.47,4,43.1,72.3,No
EMP_3737,HR,51,31910.06,8,40.4,78.5,Yes
EMP_3738,Finance,58,31007.49,6,45.0,72.3,No
EMP_3739,Finance,24,38151.65,5,43.0,78.2,No
EMP_3740,HR,36,44238.0,7,40.6,71.0,Yes
EMP_3741,Marketing,42,45200.61,8,38.2,59.9,No
EMP_3742,Finance,58,36230.39,4,47.6,53.3,No
EMP_3743,Finance,33,78516.96,7,50.8,66.1,No
EMP_3744,Sales,25,39185.64,4,38.3,58.5,Yes
EMP_3745,Sales,30,30932.4,6,45.2,68.2,Yes
EMP_3746,Sales,49,37139.99,4,36.5,62.6,No
EMP_3747,HR,44,45147.72,6,37.1,76.3,Yes
EMP_3748,IT,43,40492.47,3,38.1,70.7,Yes
EMP_3749,IT,45,36399.77,2,43.4,76.7,No
EMP_3750,Marketing,47,32815.68,4,34.6,76.6,Yes
EMP_3751,Marketing,51,64203.35,7,47.7,67.3,Yes
EMP_3752,Marketing,54,141168.94,6,44.7,68.2,No
EMP_3753,IT,37,37995.89,10,43.3,77.5,No
EMP_3754,HR,43,39613.08,5,38.5,100.0,Yes
EMP_3755,IT,39,49248.66,5,44.1,55.2,No
EMP_3756,Sales,28,55348.3,6,25.4,70.6,No
EMP_3757,Sales,47,39952.58,6,42.2,52.1,No
EMP_3758,IT,29,77062.73,2,40.8,69.7,No
EMP_3759,IT,27,46419.79,3,30.6,59.9,No
EMP_3760,Finance,51,41970.93,5,42.0,68.2,Yes
EMP_3761,Sales,44,50807.21,4,43.0,72.3,No
EMP_3762,Finance,53,91068.86,10,30.7,62.7,No
EMP_3763,IT,43,61651.28,4,34.1,43.2,No
EMP_3764,IT,30,30816.71,6,50.3,91.4,Yes
EMP_3765,IT,52,38078.62,5,39.1,82.6,Yes
EMP_3766,IT,28,42718.13,9,44.9,68.0,No
EMP_3767,HR,30,37552.65,5,45.6,56.6,No
EMP_3768,IT,34,54091.96,10,42.0,71.3,Yes
EMP_3769,Sales,24,65004.96,8,45.1,75.4,No
EMP_3770,Sales,56,56286.55,6,29.4,81.6,No
EMP_3771,IT,54,120812.55,6,38.8,82.9,Yes
EMP_3772,Marketing,42,36364.14,4,24.6,85.8,Yes
EMP_3773,IT,52,71587.15,5,31.3,43.9,No
EMP_3774,Finance,55,59101.97,2,37.3,65.4,No
EMP_3775,HR,53,38993.94,3,36.7,84.9,Yes
EMP_3776,Marketing,56,56494.55,7,40.2,56.1,No
EMP_3777,Finance,36,32197.99,4,39.9,88.3,Yes
EMP_3778,HR,53,61149.58,6,40.7,97.2,Yes
EMP_3779,HR,27,45199.87,4,40.9,87.9,Yes
EMP_3780,Marketing,42,36914.42,4,41.7,79.9,No
EMP_3781,IT,54,51329.33,4,35.2,63.3,No
EMP_3782,IT,53,50523.23,7,36.4,74.2,Yes
EMP_3783,Sales,40,34701.44,5,39.8,49.8,Yes
EMP_3784,Finance,54,30617.38,5,39.9,58.3,No
EMP_3785,Finance,49,41369.89,7,34.6,59.3,No
EMP_3786,Sales,52,46856.71,2,45.4,70.9,Yes
EMP_3787,HR,42,71847.34,6,43.6,64.1,No
EMP_3788,IT,55,82682.1,6,35.7,73.9,No
EMP_3789,Sales,36,45049.67,5,39.0,83.2,Yes
EMP_3790,Marketing,35,58032.5,5,50.0,59.4,No
EMP_3791,Sales,40,41571.5,4,40.8,72.2,No
EMP_3792,Sales,36,57414.89,4,42.0,63.8,Yes
EMP_3793,HR,27,34583.27,6,37.0,72.9,No
EMP_3794,Finance,30,39274.54,5,38.4,80.3,No
EMP_3795,Sales,58,50114.9,2,47.6,83.8,No
EMP_3796,HR,41,30366.5,2,40.6,80.1,Yes
EMP_3797,IT,55,55635.9,3,39.6,76.2,No
EMP_3798,Sales,59,66101.21,4,40.0,48.7,No
EMP_3799,Sales,47,40187.92,5,52.7,53.8,No
EMP_3800,HR,39,41882.06,6,40.2,57.6,No
EMP_3801,IT,49,68114.1,9,35.8,75.4,No
EMP_3802,Marketing,30,59891.37,3,36.7,50.6,No
EMP_3803,Finance,53,36797.75,5,43.9,75.1,No
EMP_3804,Marketing,27,37830.54,3,32.9,74.0,Yes
EMP_3805,IT,35,52718.7,4,42.3,41.0,No
EMP_3806,Marketing,49,46565.51,3,36.4,53.7,No
EMP_3807,IT,45,33540.22,9,30.7,85.7,Yes
EMP_3808,IT,34,37419.24,6,35.1,80.5,No
EMP_3809,Sales,33,76048.36,1,40.1,57.2,Yes
EMP_3810,Sales,40,53306.23,5,47.0,54.5,No
EMP_3811,HR,42,115337.3,6,44.6,33.2,No
EMP_3812,IT,48,59135.41,6,38.5,92.1,Yes
EMP_3813,Sales,40,86937.43,4,44.9,70.6,No
EMP_3814,HR,45,34871.74,4,38.2,98.3,Yes
EMP_3815,IT,47,59523.06,3,32.7,67.1,No
EMP_3816,HR,49,30408.49,2,40.1,74.2,Yes
EMP_3817,IT,39,52219.37,3,32.5,83.4,Yes
EMP_3818,Finance,57,42670.5,4,44.0,94.6,Yes
EMP_3819,Finance,50,38516.22,5,44.0,77.5,Yes
EMP_3820,IT,38,69668.72,5,35.6,70.0,Yes
EMP_3821,IT,25,68519.68,2,40.7,70.4,Yes
EMP_3822,IT,50,30451.08,2,40.7,54.3,No
EMP_3823,Finance,25,48806.81,4,44.4,64.3,No
EMP_3824,IT,31,39172.01,5,33.8,70.8,No
EMP_3825,Sales,46,40745.48,6,43.0,90.7,Yes
EMP_3826,Sales,52,65680.68,6,33.4,63.5,No
EMP_3827,IT,24,37416.63,6,43.9,85.9,No
EMP_3828,IT,23,87311.21,4,45.3,68.8,Yes
EMP_3829,Finance,46,33960.09,9,36.7,88.7,Yes
EMP_3830,Sales,27,51736.98,2,46.1,80.2,No
EMP_3831,IT,47,52301.24,5,32.1,79.1,No
EMP_3832,Finance,29,35812.26,8,45.5,84.7,Yes
EMP_3833,Finance,56,37853.46,6,47.2,82.5,Yes
EMP_3834,IT,48,66011.79,3,41.7,86.0,Yes
EMP_3835,IT,46,58693.33,5,39.0,100.0,Yes
EMP_3836,IT,39,37982.58,5,41.6,94.3,No
EMP_3837,Marketing,22,45269.53,6,37.0,77.0,No
EMP_3838,Sales,24,31273.29,9,53.1,63.4,No
EMP_3839,Marketing,25,34682.72,8,37.1,75.5,No
EMP_3840,HR,58,43303.66,1,46.6,41.1,No
EMP_3841,IT,36,31797.92,7,36.3,82.4,No
EMP_3842,Sales,29,67072.57,4,48.0,54.1,No
EMP_3843,IT,59,55317.4,3,50.1,86.8,Yes
EMP_3844,IT,40,87517.67,5,41.9,99.7,Yes
EMP_3845,Sales,47,53648.59,5,41.4,48.2,No
EMP_3846,HR,31,86402.45,4,35.2,69.2,No
EMP_3847,Marketing,59,46171.72,6,34.6,54.0,No
EMP_3848,HR,35,48336.75,9,41.5,44.1,No
EMP_3849,Finance,40,105420.07,8,47.3,68.4,Yes
EMP_3850,Sales,51,50551.66,3,37.3,79.5,Yes
EMP_3851,IT,26,30625.41,3,51.0,81.3,Yes
EMP_3852,Sales,52,55732.8,5,36.9,72.3,Yes
EMP_3853,HR,28,77176.48,8,41.1,45.0,No
EMP_3854,Marketing,40,61751.6,6,41.2,71.9,No
EMP_3855,HR,52,47533.39,6,39.5,47.6,No
EMP_3856,Sales,45,52252.41,7,29.8,48.6,No
EMP_3857,IT,55,122490.71,4,36.9,55.0,No
EMP_3858,HR,44,31900.77,7,41.0,85.7,Yes
EMP_3859,IT,27,52006.97,10,39.5,78.2,Yes
EMP_3860,Finance,59,36664.69,3,43.2,74.8,No
EMP_3861,Finance,57,50438.05,7,43.8,57.1,No
EMP_3862,HR,48,48710.67,3,38.8,64.2,Yes
EMP_3863,IT,32,33331.88,5,35.2,49.4,No
EMP_3864,IT,26,34632.25,1,47.7,90.5,Yes
EMP_3865,Sales,38,49437.63,6,33.2,100.0,Yes
EMP_3866,IT,28,32744.59,2,37.0,78.3,No
EMP_3867,IT,48,36162.62,3,35.8,81.0,Yes
EMP_3868,HR,36,66065.98,2,43.7,67.6,No
EMP_3869,HR,34,37922.92,5,46.6,45.7,No
EMP_3870,Sales,32,43390.96,3,39.1,57.3,No
EMP_3871,IT,47,86651.98,5,41.1,63.0,Yes
EMP_3872,Sales,43,35153.38,2,42.1,64.2,No
EMP_3873,Sales,49,39873.67,4,49.0,60.8,No
EMP_3874,Finance,45,48651.34,6,31.1,70.7,Yes
EMP_3875,Sales,50,58157.63,6,43.7,57.2,No
EMP_3876,IT,30,76385.14,5,41.9,100.0,Yes
EMP_3877,Sales,25,79413.68,1,38.1,49.5,Yes
EMP_3878,Marketing,39,59979.42,5,41.6,83.3,Yes
EMP_3879,HR,37,35183.99,7,43.7,66.1,No
EMP_3880,Sales,54,30502.45,7,42.9,76.9,Yes
EMP_3881,IT,50,39682.83,4,50.8,77.6,Yes
EMP_3882,Finance,31,33052.51,2,40.6,72.4,Yes
EMP_3883,Marketing,30,54784.24,4,40.1,53.0,No
EMP_3884,Sales,52,51642.81,4,39.1,65.0,No
EMP_3885,Marketing,49,30899.35,6,42.8,72.5,Yes
EMP_3886,Marketing,24,66230.32,4,39.8,71.6,Yes
EMP_3887,Marketing,35,35720.16,3,40.1,54.7,No
EMP_3888,HR,46,41320.67,2,40.1,89.4,Yes
EMP_3889,HR,36,52048.41,4,39.3,32.6,No
EMP_3890,IT,23,41222.0,8,37.0,66.2,No
EMP_3891,Finance,45,41642.42,7,42.1,56.2,No
EMP_3892,IT,35,31357.61,5,38.6,72.7,Yes
EMP_3893,HR,28,40264.69,10,43.1,85.3,No
EMP_3894,IT,57,58950.45,8,40.6,48.9,No
EMP_3895,Finance,45,79343.61,6,38.1,100.0,Yes
EMP_3896,Finance,48,40671.55,4,47.8,73.0,No
EMP_3897,Sales,58,41018.58,8,39.5,75.7,No
EMP_3898,Finance,59,54255.37,2,43.1,48.4,No
EMP_3899,IT,51,87214.24,6,36.5,69.3,No
EMP_3900,Finance,48,36213.85,2,29.9,84.6,Yes
EMP_3901,IT,36,41601.52,10,37.2,73.1,No
EMP_3902,IT,47,61790.08,6,29.3,72.1,No
EMP_3903,Marketing,22,48816.46,9,38.8,69.2,No
EMP_3904,IT,25,32343.86,3,47.3,49.3,No
EMP_3905,Finance,50,49762.86,8,35.5,49.2,No
EMP_3906,IT,22,34134.24,5,29.5,87.5,Yes
EMP_3907,IT,43,44275.81,9,47.5,83.2,Yes
EMP_3908,IT,32,45062.33,9,37.6,85.5,Yes
EMP_3909,HR,31,71782.3,5,39.9,57.7,Yes
EMP_3910,IT,38,42416.32,5,43.9,67.6,No
EMP_3911,Sales,57,36554.6,4,42.6,88.5,No
EMP_3912,IT,47,35252.41,15,43.8,51.6,Yes
EMP_3913,Sales,42,71469.49,5,44.5,86.9,No
EMP_3914,Marketing,34,33750.96,4,31.3,61.2,No
EMP_3915,Marketing,30,41097.94,5,32.9,57.2,No
EMP_3916,IT,32,34144.74,6,45.9,69.5,No
EMP_3917,Finance,32,59682.91,6,36.1,53.2,No
EMP_3918,IT,27,42863.26,5,36.6,41.5,No
EMP_3919,HR,22,38650.88,5,33.7,71.1,No
EMP_3920,Finance,27,38960.14,5,38.0,78.0,No
EMP_3921,Marketing,34,68239.83,6,38.3,88.2,Yes
EMP_3922,IT,43,46138.59,3,35.3,79.1,No
EMP_3923,Finance,52,55307.59,6,34.7,99.5,No
EMP_3924,IT,43,75468.01,3,41.6,90.4,Yes
EMP_3925,Marketing,58,76403.11,5,36.0,81.1,Yes
EMP_3926,Sales,48,37965.09,2,37.0,77.0,No
EMP_3927,HR,35,90920.0,6,29.1,88.5,Yes
EMP_3928,HR,26,30503.81,7,49.7,36.8,No
EMP_3929,HR,57,39458.9,3,44.7,62.8,Yes
EMP_3930,Sales,53,75228.64,4,37.5,42.1,No
EMP_3931,Marketing,55,36421.66,7,35.5,79.9,No
EMP_3932,Sales,28,36378.82,5,40.1,58.9,No
EMP_3933,HR,31,37208.56,3,39.9,100.0,Yes
EMP_3934,Sales,38,48951.16,5,33.6,62.2,Yes
EMP_3935,IT,51,41536.91,5,27.2,71.6,No
EMP_3936,IT,42,55946.25,4,37.4,64.0,No
EMP_3937,IT,34,75058.89,2,32.2,62.7,No
EMP_3938,Sales,22,52429.39,7,40.9,51.3,No
EMP_3939,Sales,22,34574.85,6,40.9,50.8,No
EMP_3940,IT,54,83966.52,3,35.1,37.3,No
EMP_3941,Finance,59,36143.9,1,37.3,78.2,No
EMP_3942,Marketing,46,33247.89,4,48.8,63.6,Yes
EMP_3943,Sales,47,31885.49,8,43.9,99.0,Yes
EMP_3944,IT,34,46574.01,11,37.7,51.3,No
EMP_3945,Sales,49,32415.41,3,51.5,92.1,Yes
EMP_3946,Sales,54,32988.01,3,34.0,93.6,Yes
EMP_3947,HR,58,37134.37,7,35.9,89.2,Yes
EMP_3948,HR,51,36616.05,7,39.4,73.5,No
EMP_3949,Sales,29,48538.92,3,32.3,64.9,Yes
EMP_3950,Sales,22,63937.56,7,49.0,89.1,No
EMP_3951,Sales,33,58655.12,2,40.9,58.1,No
EMP_3952,Finance,26,36089.36,6,36.1,74.1,No
EMP_3953,Marketing,45,35628.98,6,42.2,69.3,Yes
EMP_3954,Sales,27,97505.64,11,40.7,56.6,No
EMP_3955,Sales,46,30165.41,2,38.5,74.2,Yes
EMP_3956,Marketing,22,72358.75,3,34.0,81.1,Yes
EMP_3957,Marketing,46,34456.09,6,32.8,56.0,No
EMP_3958,IT,22,88856.85,5,50.9,76.9,Yes
EMP_3959,Sales,53,38380.35,2,33.2,36.6,No
EMP_3960,Sales,24,41608.94,4,48.5,54.3,No
EMP_3961,HR,40,54559.89,5,35.8,63.1,No
EMP_3962,IT,50,47718.58,7,44.0,75.4,Yes
EMP_3963,Sales,23,37652.73,1,42.3,83.0,No
EMP_3964,HR,30,46141.15,3,43.3,71.2,Yes
EMP_3965,Sales,38,56239.1,6,43.7,78.5,No
EMP_3966,Finance,57,30865.14,1,31.9,67.6,No
EMP_3967,IT,38,30225.25,4,36.6,76.1,Yes
EMP_3968,Sales,33,42252.26,6,33.2,75.3,Yes
EMP_3969,HR,41,32827.51,7,40.9,62.4,No
EMP_3970,IT,24,51833.39,2,33.4,64.7,No
EMP_3971,Marketing,25,34817.3,5,30.1,79.0,Yes
EMP_3972,IT,38,41342.67,1,38.8,97.2,Yes
EMP_3973,IT,58,34404.73,5,29.0,88.1,Yes
EMP_3974,Finance,36,45902.87,5,41.3,53.1,No
EMP_3975,IT,54,32467.17,4,33.7,53.1,No
EMP_3976,Marketing,37,30467.56,3,35.8,62.0,No
EMP_3977,IT,32,31049.7,2,28.6,71.5,Yes
EMP_3978,IT,41,91694.96,4,48.3,70.7,No
EMP_3979,Sales,59,33069.7,3,32.7,88.6,Yes
EMP_3980,IT,45,54652.81,6,38.2,89.4,Yes
EMP_3981,Finance,37,31406.87,6,31.0,70.1,No
EMP_3982,Finance,51,32289.38,3,35.8,66.6,No
EMP_3983,Sales,55,44221.18,8,48.8,77.8,No
EMP_3984,Sales,22,42504.95,6,41.5,85.9,Yes
EMP_3985,Finance,45,90556.97,6,36.4,78.3,No
EMP_3986,Marketing,45,87948.7,6,39.8,63.5,Yes
EMP_3987,Sales,30,60247.01,4,37.2,60.8,Yes
EMP_3988,IT,43,48431.18,5,39.5,53.3,No
EMP_3989,IT,33,42137.93,4,43.7,72.9,No
EMP_3990,Marketing,38,38806.68,9,38.3,79.3,Yes
EMP_3991,Sales,46,88782.33,2,41.1,81.0,Yes
EMP_3992,Sales,49,48471.79,6,41.2,87.3,Yes
EMP_3993,Finance,36,47305.89,10,38.4,92.2,Yes
EMP_3994,Sales,51,35276.74,6,36.3,49.4,No
EMP_3995,IT,48,30956.47,4,37.4,76.1,Yes
EMP_3996,IT,43,88077.13,7,43.5,76.6,No
EMP_3997,IT,31,37529.84,5,43.9,68.9,Yes
EMP_3998,IT,52,41689.05,5,34.3,57.6,No
EMP_3999,IT,48,32435.22,4,38.7,91.7,Yes
EMP_4000,Sales,33,66270.82,4,36.2,61.2,No
